imageid,label
1,5
2,3
3,5
4,5
5,6
6,4
7,7
8,8
9,7
10,0
11,2
12,7
13,0
14,0
15,5
16,1
17,5
18,3
19,5
20,8
21,2
22,7
23,3
24,0
25,0
26,5
27,1
28,6
29,6
30,3
31,7
32,6
33,0
34,0
35,5
36,7
37,2
38,2
39,4
40,5
41,6
42,8
43,3
44,1
45,1
46,7
47,1
48,6
49,0
50,6
51,0
52,3
53,6
54,3
55,4
56,3
57,6
58,3
59,5
60,4
61,8
62,7
63,2
64,2
65,6
66,8
67,7
68,4
69,5
70,7
71,7
72,3
73,0
74,2
75,1
76,2
77,4
78,0
79,6
80,1
81,2
82,7
83,8
84,1
85,1
86,3
87,2
88,3
89,7
90,2
91,8
92,0
93,3
94,8
95,6
96,1
97,1
98,5
99,2
100,1
101,0
102,5
103,1
104,6
105,0
106,1
107,3
108,8
109,6
110,4
111,5
112,5
113,6
114,5
115,3
116,6
117,6
118,0
119,5
120,8
121,6
122,0
123,8
124,6
125,5
126,2
127,4
128,0
129,4
130,3
131,6
132,5
133,5
134,3
135,0
136,8
137,1
138,3
139,6
140,5
141,1
142,1
143,7
144,3
145,5
146,8
147,2
148,1
149,1
150,2
151,2
152,5
153,8
154,3
155,5
156,4
157,1
158,4
159,2
160,4
161,0
162,3
163,1
164,2
165,3
166,3
167,8
168,8
169,0
170,0
171,5
172,0
173,5
174,3
175,5
176,6
177,7
178,1
179,8
180,0
181,4
182,6
183,2
184,8
185,5
186,4
187,8
188,7
189,8
190,3
191,3
192,6
193,6
194,1
195,0
196,3
197,2
198,3
199,7
200,0
201,2
202,5
203,6
204,1
205,1
206,3
207,3
208,6
209,1
210,0
211,3
212,2
213,0
214,3
215,4
216,5
217,0
218,1
219,3
220,3
221,0
222,7
223,3
224,3
225,7
226,5
227,7
228,5
229,8
230,2
231,4
232,6
233,0
234,7
235,1
236,8
237,1
238,0
239,5
240,2
241,6
242,1
243,5
244,4
245,7
246,4
247,1
248,7
249,8
250,5
251,0
252,8
253,3
254,8
255,1
256,1
257,4
258,1
259,4
260,2
261,4
262,8
263,0
264,5
265,4
266,3
267,3
268,3
269,5
270,3
271,5
272,6
273,1
274,2
275,1
276,7
277,6
278,3
279,6
280,8
281,2
282,1
283,2
284,4
285,7
286,4
287,1
288,7
289,6
290,3
291,0
292,6
293,7
294,2
295,6
296,4
297,3
298,7
299,0
300,2
301,2
302,2
303,5
304,1
305,7
306,7
307,2
308,4
309,2
310,7
311,5
312,3
313,2
314,7
315,8
316,3
317,6
318,5
319,0
320,7
321,6
322,8
323,6
324,2
325,4
326,3
327,4
328,5
329,2
330,5
331,6
332,2
333,1
334,1
335,4
336,8
337,2
338,3
339,0
340,2
341,4
342,0
343,7
344,0
345,8
346,0
347,1
348,3
349,7
350,7
351,1
352,1
353,3
354,3
355,8
356,7
357,5
358,3
359,6
360,3
361,8
362,0
363,7
364,5
365,4
366,2
367,2
368,2
369,8
370,8
371,6
372,6
373,2
374,7
375,8
376,4
377,8
378,2
379,8
380,4
381,4
382,7
383,1
384,0
385,7
386,6
387,5
388,2
389,1
390,0
391,3
392,3
393,3
394,0
395,7
396,2
397,2
398,8
399,0
400,5
401,2
402,3
403,6
404,2
405,2
406,6
407,1
408,7
409,3
410,6
411,7
412,7
413,1
414,1
415,1
416,8
417,7
418,7
419,7
420,6
421,1
422,7
423,2
424,3
425,5
426,1
427,6
428,0
429,7
430,7
431,3
432,5
433,2
434,7
435,0
436,8
437,6
438,2
439,5
440,8
441,1
442,3
443,4
444,4
445,8
446,3
447,7
448,1
449,3
450,3
451,3
452,2
453,8
454,8
455,0
456,5
457,6
458,0
459,3
460,1
461,8
462,1
463,5
464,8
465,4
466,6
467,5
468,6
469,1
470,5
471,8
472,3
473,1
474,5
475,6
476,5
477,4
478,8
479,4
480,0
481,7
482,8
483,2
484,8
485,8
486,1
487,3
488,3
489,8
490,0
491,8
492,7
493,3
494,6
495,6
496,5
497,6
498,4
499,6
500,3
501,1
502,6
503,1
504,3
505,3
506,7
507,2
508,8
509,5
510,2
511,5
512,1
513,4
514,7
515,7
516,7
517,0
518,6
519,1
520,2
521,2
522,4
523,8
524,6
525,7
526,1
527,6
528,5
529,8
530,8
531,2
532,8
533,7
534,4
535,3
536,7
537,3
538,0
539,1
540,6
541,8
542,3
543,0
544,2
545,2
546,5
547,4
548,7
549,8
550,1
551,7
552,3
553,5
554,0
555,0
556,1
557,4
558,2
559,4
560,1
561,8
562,1
563,5
564,0
565,1
566,6
567,7
568,4
569,6
570,6
571,1
572,7
573,8
574,6
575,2
576,7
577,8
578,1
579,2
580,3
581,0
582,5
583,3
584,5
585,2
586,4
587,3
588,6
589,6
590,6
591,4
592,5
593,0
594,1
595,4
596,0
597,1
598,5
599,8
600,5
601,6
602,8
603,8
604,4
605,1
606,3
607,0
608,6
609,8
610,3
611,2
612,6
613,8
614,5
615,2
616,8
617,7
618,2
619,6
620,0
621,7
622,3
623,2
624,6
625,2
626,2
627,7
628,0
629,4
630,2
631,1
632,4
633,7
634,2
635,6
636,3
637,7
638,1
639,1
640,0
641,2
642,8
643,3
644,7
645,2
646,0
647,2
648,4
649,0
650,3
651,6
652,5
653,8
654,0
655,2
656,2
657,0
658,6
659,0
660,0
661,5
662,4
663,7
664,4
665,7
666,2
667,3
668,8
669,3
670,0
671,7
672,3
673,0
674,3
675,4
676,2
677,0
678,2
679,4
680,6
681,8
682,2
683,0
684,8
685,3
686,3
687,7
688,4
689,6
690,0
691,5
692,3
693,5
694,0
695,0
696,0
697,6
698,8
699,2
700,8
701,3
702,1
703,0
704,7
705,0
706,3
707,6
708,1
709,5
710,2
711,0
712,2
713,6
714,8
715,6
716,7
717,6
718,3
719,8
720,7
721,6
722,5
723,2
724,5
725,5
726,5
727,4
728,6
729,5
730,8
731,3
732,2
733,4
734,1
735,6
736,5
737,6
738,8
739,0
740,4
741,7
742,6
743,7
744,1
745,1
746,1
747,5
748,2
749,4
750,3
751,6
752,1
753,1
754,6
755,2
756,0
757,2
758,5
759,6
760,4
761,1
762,3
763,5
764,6
765,4
766,1
767,1
768,2
769,6
770,0
771,4
772,6
773,4
774,4
775,7
776,0
777,8
778,7
779,0
780,3
781,4
782,4
783,7
784,2
785,3
786,8
787,1
788,2
789,7
790,1
791,5
792,5
793,2
794,6
795,1
796,5
797,5
798,6
799,2
800,1
801,6
802,3
803,2
804,2
805,7
806,0
807,7
808,4
809,6
810,4
811,5
812,8
813,2
814,1
815,6
816,7
817,8
818,1
819,7
820,7
821,5
822,0
823,7
824,7
825,4
826,7
827,3
828,6
829,5
830,3
831,1
832,3
833,0
834,1
835,5
836,4
837,7
838,5
839,1
840,8
841,7
842,6
843,5
844,0
845,6
846,3
847,8
848,3
849,8
850,0
851,3
852,2
853,1
854,1
855,4
856,4
857,6
858,3
859,8
860,5
861,8
862,3
863,3
864,4
865,5
866,8
867,4
868,7
869,6
870,5
871,2
872,8
873,6
874,3
875,4
876,5
877,1
878,1
879,0
880,1
881,3
882,4
883,6
884,7
885,5
886,6
887,6
888,4
889,6
890,1
891,2
892,4
893,1
894,5
895,2
896,8
897,6
898,5
899,6
900,1
901,8
902,7
903,1
904,2
905,4
906,7
907,7
908,3
909,5
910,0
911,2
912,2
913,7
914,5
915,4
916,4
917,4
918,0
919,2
920,2
921,7
922,8
923,5
924,2
925,3
926,7
927,0
928,6
929,4
930,6
931,1
932,8
933,3
934,0
935,3
936,5
937,3
938,7
939,3
940,7
941,3
942,5
943,8
944,8
945,0
946,3
947,3
948,2
949,3
950,7
951,4
952,5
953,6
954,6
955,0
956,3
957,0
958,5
959,4
960,6
961,1
962,8
963,0
964,0
965,0
966,3
967,3
968,3
969,5
970,1
971,4
972,6
973,8
974,4
975,3
976,0
977,3
978,7
979,3
980,6
981,6
982,3
983,2
984,4
985,3
986,8
987,7
988,7
989,2
990,0
991,7
992,8
993,3
994,8
995,8
996,0
997,5
998,3
999,2
1000,4
1001,2
1002,0
1003,2
1004,2
1005,4
1006,0
1007,7
1008,0
1009,5
1010,2
1011,1
1012,4
1013,4
1014,6
1015,3
1016,8
1017,0
1018,6
1019,8
1020,3
1021,5
1022,6
1023,4
1024,7
1025,3
1026,8
1027,6
1028,8
1029,7
1030,0
1031,7
1032,1
1033,8
1034,2
1035,0
1036,7
1037,6
1038,1
1039,1
1040,1
1041,8
1042,7
1043,4
1044,3
1045,2
1046,4
1047,4
1048,8
1049,8
1050,5
1051,8
1052,0
1053,4
1054,2
1055,1
1056,0
1057,8
1058,0
1059,2
1060,6
1061,4
1062,8
1063,6
1064,4
1065,0
1066,8
1067,8
1068,7
1069,4
1070,8
1071,4
1072,3
1073,2
1074,4
1075,7
1076,4
1077,6
1078,7
1079,0
1080,7
1081,6
1082,5
1083,5
1084,7
1085,7
1086,7
1087,4
1088,8
1089,6
1090,2
1091,6
1092,4
1093,7
1094,2
1095,3
1096,0
1097,3
1098,3
1099,5
1100,4
1101,8
1102,0
1103,8
1104,5
1105,8
1106,1
1107,7
1108,4
1109,7
1110,5
1111,3
1112,5
1113,6
1114,1
1115,0
1116,7
1117,5
1118,6
1119,3
1120,3
1121,2
1122,7
1123,3
1124,6
1125,1
1126,1
1127,6
1128,2
1129,7
1130,0
1131,1
1132,6
1133,6
1134,7
1135,5
1136,1
1137,8
1138,7
1139,5
1140,6
1141,7
1142,0
1143,7
1144,8
1145,7
1146,0
1147,0
1148,2
1149,7
1150,4
1151,6
1152,3
1153,4
1154,5
1155,0
1156,8
1157,1
1158,1
1159,8
1160,5
1161,2
1162,1
1163,8
1164,4
1165,7
1166,4
1167,1
1168,2
1169,8
1170,3
1171,6
1172,4
1173,0
1174,6
1175,1
1176,6
1177,4
1178,6
1179,5
1180,2
1181,5
1182,4
1183,7
1184,5
1185,3
1186,5
1187,8
1188,8
1189,2
1190,2
1191,5
1192,8
1193,8
1194,5
1195,6
1196,3
1197,7
1198,4
1199,5
1200,8
1201,1
1202,8
1203,6
1204,2
1205,3
1206,7
1207,1
1208,0
1209,1
1210,1
1211,1
1212,5
1213,5
1214,6
1215,5
1216,6
1217,3
1218,0
1219,7
1220,3
1221,7
1222,4
1223,3
1224,5
1225,3
1226,0
1227,2
1228,2
1229,1
1230,6
1231,8
1232,1
1233,2
1234,5
1235,8
1236,3
1237,7
1238,4
1239,6
1240,4
1241,5
1242,7
1243,1
1244,3
1245,7
1246,4
1247,3
1248,5
1249,6
1250,5
1251,4
1252,0
1253,8
1254,0
1255,0
1256,6
1257,0
1258,1
1259,7
1260,7
1261,7
1262,1
1263,0
1264,7
1265,0
1266,3
1267,2
1268,8
1269,7
1270,7
1271,2
1272,0
1273,1
1274,2
1275,2
1276,1
1277,1
1278,5
1279,5
1280,2
1281,5
1282,8
1283,8
1284,5
1285,4
1286,2
1287,8
1288,1
1289,0
1290,3
1291,1
1292,6
1293,6
1294,6
1295,5
1296,5
1297,6
1298,8
1299,0
1300,2
1301,1
1302,8
1303,6
1304,6
1305,2
1306,7
1307,4
1308,1
1309,4
1310,5
1311,1
1312,1
1313,1
1314,8
1315,5
1316,1
1317,8
1318,5
1319,7
1320,3
1321,2
1322,7
1323,3
1324,1
1325,2
1326,8
1327,5
1328,2
1329,4
1330,6
1331,2
1332,6
1333,8
1334,4
1335,0
1336,1
1337,1
1338,3
1339,8
1340,4
1341,4
1342,2
1343,5
1344,2
1345,6
1346,2
1347,8
1348,0
1349,0
1350,6
1351,4
1352,4
1353,6
1354,5
1355,3
1356,8
1357,1
1358,2
1359,1
1360,4
1361,6
1362,1
1363,8
1364,3
1365,1
1366,8
1367,4
1368,5
1369,8
1370,3
1371,5
1372,8
1373,6
1374,4
1375,3
1376,2
1377,5
1378,6
1379,4
1380,6
1381,3
1382,7
1383,0
1384,0
1385,3
1386,5
1387,6
1388,0
1389,8
1390,0
1391,0
1392,6
1393,1
1394,6
1395,1
1396,0
1397,0
1398,4
1399,6
1400,5
1401,0
1402,2
1403,4
1404,2
1405,6
1406,3
1407,4
1408,1
1409,7
1410,4
1411,5
1412,1
1413,4
1414,3
1415,3
1416,5
1417,8
1418,8
1419,3
1420,7
1421,2
1422,6
1423,7
1424,2
1425,7
1426,0
1427,2
1428,5
1429,1
1430,2
1431,1
1432,2
1433,7
1434,8
1435,2
1436,1
1437,0
1438,5
1439,3
1440,4
1441,4
1442,0
1443,8
1444,6
1445,7
1446,5
1447,4
1448,4
1449,7
1450,6
1451,2
1452,5
1453,5
1454,6
1455,1
1456,6
1457,1
1458,2
1459,6
1460,3
1461,4
1462,8
1463,5
1464,8
1465,2
1466,6
1467,8
1468,1
1469,1
1470,1
1471,3
1472,1
1473,2
1474,2
1475,6
1476,8
1477,6
1478,1
1479,2
1480,0
1481,0
1482,4
1483,0
1484,6
1485,0
1486,8
1487,0
1488,8
1489,1
1490,2
1491,2
1492,6
1493,1
1494,4
1495,1
1496,7
1497,4
1498,4
1499,7
1500,7
1501,1
1502,5
1503,3
1504,6
1505,2
1506,3
1507,0
1508,3
1509,3
1510,3
1511,0
1512,3
1513,8
1514,1
1515,2
1516,2
1517,5
1518,2
1519,1
1520,0
1521,3
1522,5
1523,0
1524,7
1525,2
1526,6
1527,7
1528,6
1529,0
1530,8
1531,1
1532,8
1533,2
1534,1
1535,8
1536,6
1537,7
1538,2
1539,4
1540,5
1541,8
1542,2
1543,7
1544,4
1545,4
1546,2
1547,3
1548,0
1549,7
1550,2
1551,8
1552,8
1553,6
1554,6
1555,5
1556,5
1557,6
1558,2
1559,4
1560,3
1561,7
1562,7
1563,4
1564,4
1565,5
1566,5
1567,7
1568,7
1569,1
1570,5
1571,6
1572,6
1573,5
1574,2
1575,8
1576,0
1577,1
1578,0
1579,8
1580,1
1581,6
1582,6
1583,3
1584,7
1585,7
1586,1
1587,2
1588,7
1589,6
1590,8
1591,1
1592,1
1593,8
1594,8
1595,0
1596,6
1597,4
1598,7
1599,6
1600,6
1601,4
1602,4
1603,2
1604,0
1605,3
1606,7
1607,4
1608,4
1609,8
1610,3
1611,6
1612,0
1613,5
1614,7
1615,8
1616,7
1617,6
1618,4
1619,1
1620,1
1621,8
1622,5
1623,0
1624,2
1625,0
1626,6
1627,5
1628,7
1629,3
1630,5
1631,0
1632,2
1633,8
1634,6
1635,4
1636,3
1637,8
1638,3
1639,8
1640,5
1641,0
1642,3
1643,3
1644,8
1645,8
1646,4
1647,5
1648,6
1649,3
1650,0
1651,0
1652,2
1653,2
1654,6
1655,6
1656,7
1657,8
1658,5
1659,6
1660,3
1661,7
1662,6
1663,0
1664,3
1665,7
1666,2
1667,6
1668,7
1669,7
1670,0
1671,7
1672,1
1673,2
1674,0
1675,0
1676,3
1677,4
1678,5
1679,1
1680,6
1681,2
1682,2
1683,6
1684,5
1685,7
1686,0
1687,1
1688,8
1689,2
1690,7
1691,6
1692,6
1693,4
1694,8
1695,8
1696,4
1697,3
1698,8
1699,6
1700,2
1701,2
1702,1
1703,2
1704,0
1705,0
1706,8
1707,5
1708,2
1709,5
1710,2
1711,5
1712,0
1713,0
1714,1
1715,1
1716,0
1717,3
1718,3
1719,1
1720,8
1721,0
1722,7
1723,6
1724,8
1725,2
1726,8
1727,5
1728,7
1729,0
1730,0
1731,6
1732,6
1733,7
1734,5
1735,2
1736,6
1737,3
1738,6
1739,3
1740,7
1741,4
1742,0
1743,0
1744,8
1745,4
1746,5
1747,1
1748,8
1749,0
1750,2
1751,2
1752,5
1753,7
1754,0
1755,0
1756,1
1757,4
1758,8
1759,8
1760,7
1761,3
1762,5
1763,2
1764,1
1765,7
1766,4
1767,0
1768,8
1769,0
1770,3
1771,3
1772,1
1773,3
1774,5
1775,7
1776,4
1777,4
1778,6
1779,7
1780,8
1781,2
1782,4
1783,5
1784,7
1785,6
1786,8
1787,0
1788,6
1789,3
1790,8
1791,0
1792,6
1793,3
1794,0
1795,5
1796,1
1797,1
1798,2
1799,5
1800,8
1801,4
1802,7
1803,2
1804,0
1805,1
1806,7
1807,1
1808,2
1809,5
1810,6
1811,8
1812,7
1813,8
1814,4
1815,0
1816,7
1817,1
1818,1
1819,8
1820,6
1821,1
1822,3
1823,2
1824,8
1825,3
1826,8
1827,4
1828,5
1829,7
1830,4
1831,2
1832,2
1833,6
1834,2
1835,7
1836,4
1837,5
1838,5
1839,7
1840,1
1841,5
1842,1
1843,1
1844,2
1845,0
1846,7
1847,3
1848,5
1849,7
1850,0
1851,5
1852,7
1853,7
1854,3
1855,7
1856,2
1857,2
1858,4
1859,2
1860,0
1861,8
1862,8
1863,8
1864,4
1865,0
1866,6
1867,5
1868,3
1869,0
1870,1
1871,6
1872,2
1873,0
1874,0
1875,1
1876,2
1877,3
1878,4
1879,5
1880,5
1881,8
1882,3
1883,6
1884,8
1885,8
1886,3
1887,5
1888,1
1889,1
1890,1
1891,0
1892,8
1893,4
1894,4
1895,2
1896,7
1897,6
1898,3
1899,8
1900,7
1901,2
1902,7
1903,7
1904,8
1905,8
1906,0
1907,8
1908,1
1909,2
1910,3
1911,1
1912,4
1913,8
1914,8
1915,8
1916,6
1917,0
1918,4
1919,3
1920,2
1921,5
1922,8
1923,6
1924,4
1925,4
1926,1
1927,4
1928,7
1929,1
1930,5
1931,4
1932,0
1933,0
1934,8
1935,5
1936,3
1937,7
1938,4
1939,5
1940,4
1941,0
1942,3
1943,8
1944,0
1945,7
1946,3
1947,6
1948,4
1949,1
1950,6
1951,8
1952,4
1953,1
1954,7
1955,7
1956,1
1957,1
1958,3
1959,4
1960,6
1961,0
1962,7
1963,5
1964,3
1965,5
1966,1
1967,8
1968,0
1969,7
1970,2
1971,1
1972,8
1973,8
1974,5
1975,3
1976,4
1977,1
1978,2
1979,2
1980,1
1981,0
1982,5
1983,6
1984,8
1985,0
1986,4
1987,7
1988,1
1989,6
1990,0
1991,1
1992,2
1993,0
1994,7
1995,4
1996,2
1997,4
1998,6
1999,2
2000,3
2001,1
2002,7
2003,6
2004,8
2005,3
2006,2
2007,8
2008,8
2009,8
2010,0
2011,8
2012,1
2013,8
2014,8
2015,6
2016,7
2017,7
2018,5
2019,5
2020,7
2021,5
2022,2
2023,2
2024,1
2025,1
2026,6
2027,1
2028,6
2029,3
2030,0
2031,8
2032,0
2033,7
2034,4
2035,4
2036,4
2037,4
2038,6
2039,8
2040,0
2041,7
2042,2
2043,1
2044,5
2045,6
2046,6
2047,8
2048,5
2049,4
2050,1
2051,0
2052,3
2053,1
2054,5
2055,4
2056,5
2057,4
2058,0
2059,6
2060,8
2061,8
2062,8
2063,5
2064,8
2065,3
2066,8
2067,5
2068,3
2069,5
2070,5
2071,0
2072,0
2073,6
2074,1
2075,3
2076,4
2077,3
2078,4
2079,5
2080,7
2081,8
2082,6
2083,2
2084,6
2085,5
2086,0
2087,6
2088,4
2089,7
2090,6
2091,3
2092,1
2093,0
2094,5
2095,1
2096,7
2097,8
2098,3
2099,1
2100,8
2101,7
2102,3
2103,2
2104,7
2105,7
2106,7
2107,4
2108,6
2109,5
2110,8
2111,8
2112,5
2113,4
2114,2
2115,3
2116,3
2117,8
2118,8
2119,2
2120,5
2121,0
2122,5
2123,3
2124,5
2125,2
2126,8
2127,4
2128,2
2129,7
2130,5
2131,3
2132,8
2133,8
2134,4
2135,1
2136,1
2137,2
2138,0
2139,4
2140,7
2141,2
2142,3
2143,0
2144,1
2145,7
2146,8
2147,6
2148,1
2149,4
2150,5
2151,0
2152,2
2153,7
2154,8
2155,7
2156,8
2157,2
2158,5
2159,5
2160,6
2161,3
2162,2
2163,3
2164,2
2165,0
2166,7
2167,7
2168,7
2169,3
2170,2
2171,1
2172,6
2173,4
2174,5
2175,8
2176,3
2177,1
2178,4
2179,7
2180,7
2181,3
2182,2
2183,5
2184,6
2185,3
2186,6
2187,8
2188,6
2189,4
2190,4
2191,5
2192,1
2193,8
2194,6
2195,8
2196,1
2197,5
2198,8
2199,0
2200,6
2201,1
2202,4
2203,8
2204,6
2205,2
2206,1
2207,3
2208,6
2209,2
2210,5
2211,5
2212,8
2213,2
2214,6
2215,6
2216,1
2217,8
2218,8
2219,4
2220,4
2221,2
2222,8
2223,3
2224,8
2225,3
2226,7
2227,4
2228,2
2229,0
2230,6
2231,6
2232,6
2233,2
2234,6
2235,4
2236,2
2237,8
2238,5
2239,4
2240,5
2241,5
2242,1
2243,8
2244,1
2245,7
2246,0
2247,6
2248,6
2249,0
2250,8
2251,3
2252,8
2253,4
2254,6
2255,0
2256,7
2257,7
2258,5
2259,1
2260,8
2261,8
2262,0
2263,2
2264,3
2265,6
2266,8
2267,7
2268,5
2269,1
2270,5
2271,1
2272,1
2273,5
2274,4
2275,8
2276,2
2277,4
2278,2
2279,0
2280,3
2281,3
2282,4
2283,2
2284,1
2285,4
2286,5
2287,8
2288,4
2289,6
2290,2
2291,8
2292,4
2293,8
2294,1
2295,0
2296,5
2297,0
2298,6
2299,6
2300,3
2301,2
2302,6
2303,1
2304,7
2305,5
2306,1
2307,0
2308,5
2309,2
2310,6
2311,3
2312,0
2313,3
2314,3
2315,3
2316,0
2317,4
2318,0
2319,4
2320,3
2321,0
2322,0
2323,0
2324,7
2325,1
2326,2
2327,8
2328,1
2329,1
2330,7
2331,7
2332,6
2333,1
2334,2
2335,2
2336,4
2337,0
2338,6
2339,7
2340,4
2341,2
2342,3
2343,4
2344,0
2345,1
2346,0
2347,3
2348,8
2349,8
2350,4
2351,0
2352,3
2353,0
2354,3
2355,8
2356,8
2357,0
2358,3
2359,0
2360,4
2361,0
2362,1
2363,2
2364,5
2365,1
2366,3
2367,5
2368,7
2369,0
2370,7
2371,6
2372,4
2373,5
2374,7
2375,3
2376,7
2377,2
2378,6
2379,3
2380,4
2381,4
2382,5
2383,6
2384,1
2385,5
2386,7
2387,4
2388,6
2389,3
2390,0
2391,2
2392,1
2393,3
2394,1
2395,4
2396,8
2397,6
2398,2
2399,7
2400,2
2401,0
2402,4
2403,5
2404,4
2405,0
2406,7
2407,6
2408,0
2409,1
2410,7
2411,2
2412,3
2413,6
2414,7
2415,4
2416,1
2417,3
2418,7
2419,3
2420,2
2421,5
2422,8
2423,5
2424,2
2425,6
2426,4
2427,8
2428,1
2429,6
2430,0
2431,3
2432,0
2433,2
2434,6
2435,3
2436,7
2437,3
2438,7
2439,2
2440,1
2441,8
2442,3
2443,4
2444,5
2445,7
2446,8
2447,0
2448,2
2449,6
2450,2
2451,3
2452,4
2453,4
2454,3
2455,5
2456,4
2457,6
2458,1
2459,2
2460,1
2461,7
2462,5
2463,3
2464,2
2465,7
2466,1
2467,8
2468,5
2469,0
2470,6
2471,8
2472,4
2473,4
2474,8
2475,7
2476,0
2477,5
2478,6
2479,4
2480,8
2481,0
2482,0
2483,1
2484,5
2485,8
2486,1
2487,2
2488,8
2489,1
2490,8
2491,7
2492,2
2493,5
2494,4
2495,4
2496,6
2497,2
2498,2
2499,7
2500,7
2501,2
2502,6
2503,1
2504,7
2505,2
2506,0
2507,0
2508,3
2509,4
2510,2
2511,7
2512,8
2513,8
2514,7
2515,1
2516,4
2517,1
2518,5
2519,6
2520,8
2521,3
2522,6
2523,2
2524,7
2525,1
2526,5
2527,7
2528,0
2529,5
2530,3
2531,6
2532,3
2533,1
2534,3
2535,3
2536,0
2537,6
2538,1
2539,0
2540,5
2541,4
2542,1
2543,8
2544,6
2545,7
2546,3
2547,5
2548,7
2549,5
2550,7
2551,0
2552,4
2553,4
2554,0
2555,7
2556,4
2557,5
2558,5
2559,1
2560,0
2561,8
2562,5
2563,1
2564,6
2565,7
2566,2
2567,4
2568,0
2569,7
2570,0
2571,4
2572,8
2573,5
2574,2
2575,1
2576,4
2577,4
2578,6
2579,6
2580,6
2581,7
2582,1
2583,5
2584,3
2585,3
2586,7
2587,8
2588,8
2589,8
2590,1
2591,6
2592,7
2593,4
2594,6
2595,3
2596,6
2597,2
2598,0
2599,6
2600,5
2601,3
2602,8
2603,2
2604,5
2605,7
2606,0
2607,7
2608,1
2609,5
2610,1
2611,3
2612,3
2613,5
2614,5
2615,0
2616,8
2617,0
2618,0
2619,0
2620,8
2621,3
2622,6
2623,3
2624,7
2625,8
2626,7
2627,0
2628,7
2629,3
2630,0
2631,1
2632,8
2633,2
2634,4
2635,3
2636,2
2637,5
2638,0
2639,3
2640,5
2641,0
2642,6
2643,5
2644,5
2645,5
2646,8
2647,0
2648,7
2649,5
2650,6
2651,5
2652,4
2653,6
2654,4
2655,2
2656,7
2657,7
2658,8
2659,4
2660,1
2661,8
2662,4
2663,2
2664,6
2665,0
2666,4
2667,8
2668,5
2669,8
2670,4
2671,3
2672,3
2673,7
2674,5
2675,8
2676,7
2677,3
2678,1
2679,7
2680,3
2681,4
2682,0
2683,4
2684,2
2685,1
2686,2
2687,1
2688,2
2689,7
2690,8
2691,7
2692,7
2693,4
2694,2
2695,7
2696,7
2697,3
2698,4
2699,8
2700,5
2701,5
2702,5
2703,4
2704,2
2705,6
2706,6
2707,1
2708,6
2709,2
2710,7
2711,3
2712,3
2713,1
2714,1
2715,3
2716,7
2717,1
2718,6
2719,1
2720,8
2721,2
2722,6
2723,1
2724,3
2725,0
2726,6
2727,0
2728,2
2729,7
2730,6
2731,4
2732,7
2733,7
2734,4
2735,0
2736,2
2737,3
2738,1
2739,6
2740,6
2741,8
2742,2
2743,5
2744,6
2745,8
2746,3
2747,1
2748,7
2749,8
2750,0
2751,0
2752,2
2753,1
2754,1
2755,5
2756,4
2757,2
2758,8
2759,0
2760,7
2761,6
2762,3
2763,8
2764,0
2765,1
2766,5
2767,7
2768,4
2769,8
2770,1
2771,5
2772,4
2773,7
2774,7
2775,6
2776,5
2777,7
2778,1
2779,2
2780,5
2781,1
2782,3
2783,5
2784,3
2785,6
2786,3
2787,3
2788,1
2789,2
2790,7
2791,6
2792,5
2793,0
2794,0
2795,1
2796,0
2797,0
2798,0
2799,7
2800,4
2801,4
2802,8
2803,5
2804,4
2805,7
2806,7
2807,2
2808,5
2809,3
2810,1
2811,8
2812,3
2813,8
2814,7
2815,0
2816,0
2817,3
2818,3
2819,8
2820,1
2821,8
2822,2
2823,1
2824,3
2825,8
2826,8
2827,1
2828,7
2829,1
2830,1
2831,2
2832,1
2833,5
2834,8
2835,2
2836,8
2837,2
2838,1
2839,3
2840,6
2841,5
2842,1
2843,5
2844,4
2845,6
2846,7
2847,4
2848,7
2849,1
2850,1
2851,2
2852,7
2853,0
2854,5
2855,8
2856,5
2857,2
2858,1
2859,2
2860,5
2861,4
2862,7
2863,5
2864,3
2865,3
2866,8
2867,8
2868,3
2869,5
2870,1
2871,6
2872,7
2873,7
2874,2
2875,2
2876,2
2877,7
2878,5
2879,6
2880,3
2881,7
2882,8
2883,6
2884,4
2885,4
2886,6
2887,3
2888,4
2889,4
2890,5
2891,0
2892,8
2893,5
2894,0
2895,2
2896,4
2897,7
2898,8
2899,5
2900,7
2901,2
2902,5
2903,6
2904,5
2905,5
2906,1
2907,1
2908,3
2909,0
2910,5
2911,6
2912,2
2913,6
2914,8
2915,8
2916,2
2917,1
2918,3
2919,3
2920,8
2921,6
2922,6
2923,5
2924,2
2925,2
2926,8
2927,4
2928,8
2929,3
2930,3
2931,3
2932,4
2933,2
2934,6
2935,3
2936,6
2937,2
2938,2
2939,4
2940,0
2941,7
2942,1
2943,2
2944,4
2945,0
2946,6
2947,2
2948,1
2949,4
2950,3
2951,5
2952,7
2953,4
2954,5
2955,6
2956,1
2957,7
2958,7
2959,5
2960,5
2961,2
2962,5
2963,0
2964,3
2965,2
2966,4
2967,0
2968,8
2969,1
2970,5
2971,4
2972,3
2973,6
2974,2
2975,8
2976,6
2977,5
2978,4
2979,6
2980,4
2981,3
2982,7
2983,5
2984,3
2985,6
2986,7
2987,6
2988,7
2989,0
2990,0
2991,2
2992,8
2993,3
2994,0
2995,1
2996,7
2997,0
2998,1
2999,3
3000,7
3001,0
3002,7
3003,3
3004,6
3005,2
3006,4
3007,7
3008,7
3009,3
3010,7
3011,5
3012,4
3013,1
3014,1
3015,5
3016,0
3017,0
3018,8
3019,6
3020,4
3021,6
3022,8
3023,0
3024,4
3025,1
3026,6
3027,7
3028,8
3029,6
3030,6
3031,2
3032,8
3033,7
3034,0
3035,1
3036,1
3037,8
3038,7
3039,3
3040,7
3041,2
3042,1
3043,8
3044,7
3045,1
3046,1
3047,6
3048,2
3049,7
3050,2
3051,8
3052,8
3053,8
3054,8
3055,5
3056,8
3057,6
3058,1
3059,5
3060,1
3061,7
3062,1
3063,2
3064,4
3065,6
3066,8
3067,4
3068,7
3069,6
3070,4
3071,3
3072,2
3073,7
3074,1
3075,0
3076,0
3077,8
3078,7
3079,6
3080,6
3081,0
3082,4
3083,5
3084,2
3085,1
3086,0
3087,2
3088,5
3089,4
3090,4
3091,4
3092,8
3093,6
3094,6
3095,1
3096,0
3097,3
3098,6
3099,2
3100,2
3101,7
3102,6
3103,2
3104,2
3105,4
3106,8
3107,5
3108,1
3109,5
3110,3
3111,8
3112,6
3113,6
3114,4
3115,5
3116,2
3117,1
3118,7
3119,7
3120,8
3121,7
3122,0
3123,5
3124,3
3125,7
3126,0
3127,2
3128,8
3129,2
3130,4
3131,2
3132,1
3133,4
3134,8
3135,5
3136,5
3137,7
3138,0
3139,7
3140,0
3141,3
3142,3
3143,5
3144,3
3145,7
3146,1
3147,6
3148,4
3149,2
3150,7
3151,2
3152,3
3153,2
3154,7
3155,8
3156,8
3157,3
3158,3
3159,1
3160,7
3161,1
3162,5
3163,2
3164,7
3165,7
3166,2
3167,7
3168,4
3169,8
3170,6
3171,8
3172,6
3173,1
3174,8
3175,5
3176,4
3177,7
3178,5
3179,8
3180,7
3181,3
3182,5
3183,3
3184,8
3185,0
3186,3
3187,5
3188,5
3189,2
3190,6
3191,5
3192,6
3193,8
3194,1
3195,2
3196,6
3197,4
3198,0
3199,5
3200,4
3201,4
3202,1
3203,8
3204,3
3205,3
3206,0
3207,5
3208,2
3209,7
3210,0
3211,3
3212,7
3213,1
3214,0
3215,3
3216,8
3217,5
3218,4
3219,2
3220,0
3221,5
3222,3
3223,3
3224,0
3225,7
3226,5
3227,6
3228,5
3229,7
3230,3
3231,5
3232,4
3233,6
3234,1
3235,4
3236,8
3237,8
3238,3
3239,8
3240,5
3241,7
3242,0
3243,8
3244,6
3245,0
3246,5
3247,7
3248,3
3249,7
3250,0
3251,8
3252,6
3253,2
3254,8
3255,0
3256,6
3257,0
3258,4
3259,6
3260,6
3261,2
3262,2
3263,5
3264,0
3265,2
3266,8
3267,3
3268,5
3269,6
3270,0
3271,8
3272,4
3273,2
3274,7
3275,5
3276,3
3277,8
3278,4
3279,0
3280,5
3281,2
3282,6
3283,0
3284,3
3285,7
3286,6
3287,1
3288,2
3289,4
3290,5
3291,8
3292,8
3293,3
3294,0
3295,4
3296,1
3297,3
3298,6
3299,7
3300,8
3301,7
3302,0
3303,0
3304,3
3305,4
3306,7
3307,8
3308,0
3309,2
3310,0
3311,4
3312,4
3313,0
3314,8
3315,3
3316,4
3317,8
3318,0
3319,2
3320,6
3321,2
3322,6
3323,7
3324,2
3325,3
3326,0
3327,4
3328,0
3329,6
3330,2
3331,4
3332,2
3333,5
3334,7
3335,6
3336,4
3337,2
3338,6
3339,0
3340,8
3341,3
3342,6
3343,8
3344,1
3345,2
3346,8
3347,2
3348,7
3349,3
3350,5
3351,1
3352,7
3353,7
3354,5
3355,1
3356,0
3357,8
3358,5
3359,6
3360,0
3361,4
3362,0
3363,2
3364,6
3365,3
3366,5
3367,6
3368,3
3369,1
3370,5
3371,2
3372,6
3373,5
3374,4
3375,7
3376,0
3377,7
3378,6
3379,2
3380,2
3381,0
3382,4
3383,2
3384,8
3385,1
3386,5
3387,1
3388,3
3389,0
3390,2
3391,2
3392,4
3393,3
3394,4
3395,5
3396,3
3397,6
3398,8
3399,0
3400,2
3401,3
3402,1
3403,8
3404,0
3405,5
3406,1
3407,3
3408,6
3409,2
3410,2
3411,7
3412,4
3413,1
3414,8
3415,0
3416,2
3417,5
3418,3
3419,1
3420,8
3421,8
3422,0
3423,5
3424,8
3425,5
3426,4
3427,6
3428,2
3429,7
3430,1
3431,0
3432,1
3433,7
3434,4
3435,7
3436,8
3437,3
3438,6
3439,2
3440,2
3441,4
3442,1
3443,2
3444,8
3445,7
3446,8
3447,8
3448,5
3449,0
3450,8
3451,3
3452,8
3453,4
3454,4
3455,6
3456,1
3457,6
3458,2
3459,1
3460,4
3461,5
3462,0
3463,1
3464,7
3465,1
3466,8
3467,0
3468,4
3469,3
3470,1
3471,4
3472,5
3473,0
3474,1
3475,7
3476,7
3477,6
3478,8
3479,2
3480,2
3481,8
3482,1
3483,1
3484,0
3485,6
3486,0
3487,4
3488,7
3489,1
3490,2
3491,0
3492,6
3493,7
3494,3
3495,0
3496,4
3497,5
3498,0
3499,5
3500,5
3501,1
3502,5
3503,4
3504,0
3505,1
3506,8
3507,6
3508,7
3509,4
3510,0
3511,7
3512,8
3513,4
3514,5
3515,4
3516,0
3517,1
3518,2
3519,7
3520,1
3521,0
3522,2
3523,0
3524,6
3525,0
3526,7
3527,4
3528,5
3529,0
3530,0
3531,6
3532,5
3533,6
3534,4
3535,7
3536,4
3537,0
3538,6
3539,8
3540,7
3541,1
3542,1
3543,2
3544,0
3545,7
3546,6
3547,2
3548,2
3549,6
3550,8
3551,8
3552,1
3553,7
3554,1
3555,7
3556,0
3557,5
3558,2
3559,6
3560,3
3561,8
3562,6
3563,6
3564,0
3565,5
3566,8
3567,1
3568,4
3569,7
3570,4
3571,7
3572,8
3573,5
3574,6
3575,1
3576,0
3577,0
3578,8
3579,4
3580,5
3581,2
3582,7
3583,3
3584,1
3585,2
3586,8
3587,5
3588,0
3589,7
3590,6
3591,5
3592,2
3593,1
3594,2
3595,2
3596,4
3597,5
3598,4
3599,2
3600,5
3601,2
3602,3
3603,5
3604,3
3605,2
3606,6
3607,0
3608,8
3609,0
3610,3
3611,1
3612,6
3613,2
3614,2
3615,8
3616,3
3617,7
3618,6
3619,6
3620,6
3621,3
3622,1
3623,2
3624,4
3625,3
3626,0
3627,0
3628,6
3629,8
3630,1
3631,2
3632,2
3633,1
3634,8
3635,3
3636,1
3637,2
3638,4
3639,8
3640,5
3641,8
3642,2
3643,6
3644,4
3645,1
3646,6
3647,3
3648,6
3649,2
3650,2
3651,6
3652,8
3653,4
3654,1
3655,7
3656,1
3657,3
3658,4
3659,6
3660,1
3661,8
3662,5
3663,7
3664,2
3665,5
3666,4
3667,0
3668,8
3669,4
3670,5
3671,7
3672,1
3673,5
3674,5
3675,4
3676,2
3677,2
3678,2
3679,6
3680,5
3681,5
3682,6
3683,0
3684,4
3685,8
3686,7
3687,8
3688,4
3689,3
3690,4
3691,7
3692,6
3693,7
3694,3
3695,6
3696,8
3697,1
3698,3
3699,1
3700,2
3701,5
3702,3
3703,8
3704,2
3705,3
3706,3
3707,7
3708,1
3709,8
3710,5
3711,6
3712,0
3713,4
3714,0
3715,6
3716,7
3717,5
3718,6
3719,0
3720,5
3721,8
3722,0
3723,4
3724,5
3725,6
3726,2
3727,5
3728,7
3729,1
3730,0
3731,1
3732,5
3733,2
3734,3
3735,0
3736,1
3737,1
3738,5
3739,8
3740,8
3741,2
3742,4
3743,0
3744,4
3745,1
3746,2
3747,0
3748,0
3749,0
3750,1
3751,8
3752,1
3753,2
3754,2
3755,4
3756,7
3757,6
3758,3
3759,7
3760,3
3761,3
3762,0
3763,3
3764,8
3765,8
3766,1
3767,5
3768,2
3769,8
3770,8
3771,8
3772,7
3773,6
3774,8
3775,2
3776,1
3777,2
3778,0
3779,2
3780,2
3781,8
3782,5
3783,5
3784,1
3785,7
3786,6
3787,6
3788,0
3789,4
3790,3
3791,2
3792,8
3793,0
3794,3
3795,8
3796,4
3797,3
3798,5
3799,7
3800,5
3801,8
3802,6
3803,3
3804,7
3805,7
3806,3
3807,0
3808,0
3809,2
3810,4
3811,2
3812,7
3813,7
3814,0
3815,4
3816,6
3817,2
3818,8
3819,4
3820,0
3821,0
3822,1
3823,8
3824,8
3825,4
3826,2
3827,3
3828,7
3829,8
3830,6
3831,8
3832,2
3833,4
3834,0
3835,3
3836,5
3837,6
3838,2
3839,6
3840,8
3841,6
3842,2
3843,4
3844,5
3845,2
3846,8
3847,2
3848,8
3849,6
3850,7
3851,1
3852,1
3853,6
3854,1
3855,8
3856,5
3857,4
3858,6
3859,6
3860,4
3861,5
3862,4
3863,8
3864,8
3865,6
3866,8
3867,6
3868,4
3869,8
3870,5
3871,4
3872,8
3873,0
3874,0
3875,8
3876,6
3877,5
3878,4
3879,2
3880,7
3881,2
3882,2
3883,5
3884,1
3885,4
3886,1
3887,2
3888,8
3889,4
3890,1
3891,7
3892,1
3893,2
3894,0
3895,3
3896,3
3897,1
3898,7
3899,6
3900,2
3901,1
3902,8
3903,2
3904,6
3905,0
3906,5
3907,6
3908,1
3909,3
3910,1
3911,3
3912,4
3913,2
3914,1
3915,1
3916,7
3917,4
3918,3
3919,4
3920,6
3921,2
3922,3
3923,1
3924,5
3925,8
3926,5
3927,8
3928,3
3929,8
3930,4
3931,6
3932,8
3933,1
3934,7
3935,8
3936,8
3937,6
3938,3
3939,3
3940,8
3941,3
3942,2
3943,0
3944,8
3945,8
3946,0
3947,2
3948,7
3949,8
3950,5
3951,3
3952,4
3953,1
3954,8
3955,2
3956,7
3957,2
3958,1
3959,1
3960,6
3961,8
3962,3
3963,7
3964,4
3965,3
3966,3
3967,4
3968,0
3969,7
3970,4
3971,2
3972,8
3973,7
3974,4
3975,8
3976,6
3977,2
3978,4
3979,2
3980,6
3981,6
3982,5
3983,4
3984,4
3985,8
3986,6
3987,4
3988,5
3989,6
3990,5
3991,4
3992,1
3993,4
3994,2
3995,3
3996,1
3997,2
3998,5
3999,3
4000,7
4001,4
4002,7
4003,4
4004,4
4005,8
4006,0
4007,0
4008,4
4009,5
4010,4
4011,7
4012,8
4013,8
4014,4
4015,0
4016,5
4017,5
4018,3
4019,6
4020,2
4021,7
4022,2
4023,2
4024,6
4025,5
4026,0
4027,0
4028,6
4029,0
4030,8
4031,3
4032,0
4033,8
4034,1
4035,4
4036,0
4037,4
4038,6
4039,3
4040,6
4041,3
4042,7
4043,1
4044,4
4045,7
4046,8
4047,0
4048,4
4049,7
4050,4
4051,1
4052,4
4053,3
4054,3
4055,5
4056,8
4057,2
4058,4
4059,1
4060,8
4061,7
4062,8
4063,5
4064,4
4065,8
4066,2
4067,3
4068,0
4069,3
4070,4
4071,1
4072,1
4073,6
4074,2
4075,4
4076,4
4077,4
4078,2
4079,8
4080,5
4081,4
4082,1
4083,2
4084,6
4085,3
4086,1
4087,2
4088,6
4089,2
4090,4
4091,4
4092,5
4093,3
4094,1
4095,4
4096,3
4097,3
4098,3
4099,0
4100,7
4101,4
4102,2
4103,2
4104,5
4105,1
4106,7
4107,0
4108,1
4109,5
4110,7
4111,7
4112,0
4113,4
4114,5
4115,0
4116,4
4117,0
4118,0
4119,2
4120,2
4121,8
4122,3
4123,4
4124,4
4125,6
4126,5
4127,1
4128,5
4129,3
4130,3
4131,0
4132,4
4133,1
4134,6
4135,3
4136,8
4137,5
4138,5
4139,8
4140,8
4141,5
4142,8
4143,7
4144,0
4145,4
4146,1
4147,4
4148,4
4149,6
4150,7
4151,0
4152,0
4153,7
4154,0
4155,2
4156,5
4157,8
4158,5
4159,0
4160,7
4161,0
4162,4
4163,1
4164,4
4165,8
4166,8
4167,3
4168,5
4169,4
4170,6
4171,0
4172,6
4173,4
4174,3
4175,8
4176,1
4177,6
4178,7
4179,4
4180,5
4181,2
4182,2
4183,4
4184,3
4185,0
4186,6
4187,7
4188,7
4189,0
4190,6
4191,3
4192,1
4193,7
4194,0
4195,0
4196,6
4197,7
4198,8
4199,3
4200,1
4201,0
4202,1
4203,5
4204,4
4205,6
4206,5
4207,1
4208,7
4209,5
4210,6
4211,0
4212,7
4213,6
4214,8
4215,2
4216,4
4217,8
4218,8
4219,8
4220,6
4221,4
4222,6
4223,4
4224,5
4225,3
4226,5
4227,0
4228,1
4229,0
4230,4
4231,4
4232,2
4233,5
4234,5
4235,6
4236,6
4237,0
4238,6
4239,7
4240,6
4241,0
4242,0
4243,6
4244,1
4245,0
4246,8
4247,1
4248,6
4249,1
4250,2
4251,3
4252,0
4253,8
4254,0
4255,6
4256,6
4257,4
4258,4
4259,2
4260,0
4261,1
4262,8
4263,4
4264,4
4265,0
4266,0
4267,3
4268,3
4269,2
4270,3
4271,6
4272,3
4273,1
4274,5
4275,5
4276,1
4277,6
4278,3
4279,4
4280,3
4281,0
4282,4
4283,3
4284,5
4285,0
4286,3
4287,6
4288,1
4289,3
4290,5
4291,4
4292,0
4293,2
4294,7
4295,0
4296,0
4297,1
4298,1
4299,1
4300,8
4301,5
4302,6
4303,0
4304,2
4305,4
4306,3
4307,8
4308,6
4309,0
4310,5
4311,0
4312,4
4313,7
4314,6
4315,0
4316,4
4317,4
4318,4
4319,7
4320,6
4321,1
4322,7
4323,0
4324,6
4325,4
4326,7
4327,8
4328,0
4329,8
4330,4
4331,1
4332,3
4333,3
4334,1
4335,2
4336,0
4337,4
4338,8
4339,2
4340,8
4341,0
4342,2
4343,6
4344,2
4345,7
4346,7
4347,4
4348,6
4349,7
4350,3
4351,7
4352,5
4353,5
4354,4
4355,5
4356,0
4357,7
4358,7
4359,3
4360,8
4361,3
4362,1
4363,0
4364,3
4365,6
4366,3
4367,4
4368,3
4369,4
4370,6
4371,7
4372,6
4373,7
4374,7
4375,3
4376,2
4377,4
4378,6
4379,2
4380,2
4381,4
4382,6
4383,1
4384,3
4385,4
4386,5
4387,0
4388,7
4389,2
4390,0
4391,2
4392,8
4393,2
4394,2
4395,2
4396,1
4397,0
4398,2
4399,6
4400,2
4401,5
4402,3
4403,4
4404,6
4405,8
4406,6
4407,6
4408,7
4409,6
4410,0
4411,5
4412,0
4413,5
4414,6
4415,0
4416,0
4417,0
4418,8
4419,7
4420,6
4421,1
4422,4
4423,8
4424,0
4425,0
4426,5
4427,8
4428,4
4429,6
4430,7
4431,6
4432,3
4433,6
4434,7
4435,1
4436,6
4437,5
4438,3
4439,4
4440,2
4441,0
4442,4
4443,3
4444,2
4445,7
4446,8
4447,7
4448,7
4449,7
4450,8
4451,8
4452,3
4453,2
4454,8
4455,1
4456,1
4457,8
4458,1
4459,4
4460,7
4461,5
4462,6
4463,0
4464,2
4465,5
4466,3
4467,7
4468,8
4469,7
4470,7
4471,8
4472,6
4473,0
4474,3
4475,2
4476,7
4477,2
4478,7
4479,8
4480,0
4481,2
4482,3
4483,6
4484,6
4485,5
4486,5
4487,4
4488,6
4489,6
4490,1
4491,0
4492,5
4493,8
4494,0
4495,4
4496,5
4497,5
4498,1
4499,5
4500,8
4501,0
4502,8
4503,8
4504,4
4505,0
4506,3
4507,7
4508,4
4509,2
4510,7
4511,2
4512,1
4513,3
4514,5
4515,3
4516,0
4517,3
4518,2
4519,0
4520,3
4521,0
4522,5
4523,3
4524,8
4525,7
4526,5
4527,0
4528,2
4529,1
4530,3
4531,6
4532,5
4533,4
4534,0
4535,8
4536,1
4537,6
4538,4
4539,2
4540,5
4541,5
4542,6
4543,2
4544,1
4545,3
4546,6
4547,4
4548,8
4549,1
4550,1
4551,3
4552,1
4553,4
4554,8
4555,1
4556,3
4557,0
4558,4
4559,0
4560,3
4561,7
4562,8
4563,3
4564,0
4565,2
4566,5
4567,6
4568,8
4569,7
4570,5
4571,0
4572,5
4573,8
4574,5
4575,2
4576,0
4577,5
4578,8
4579,0
4580,5
4581,2
4582,1
4583,5
4584,2
4585,7
4586,3
4587,8
4588,1
4589,3
4590,4
4591,4
4592,7
4593,5
4594,3
4595,6
4596,4
4597,8
4598,1
4599,5
4600,1
4601,2
4602,8
4603,4
4604,3
4605,5
4606,1
4607,5
4608,3
4609,0
4610,7
4611,3
4612,7
4613,6
4614,8
4615,4
4616,0
4617,5
4618,2
4619,6
4620,3
4621,6
4622,0
4623,7
4624,6
4625,7
4626,5
4627,7
4628,5
4629,3
4630,5
4631,4
4632,4
4633,5
4634,1
4635,0
4636,4
4637,2
4638,4
4639,5
4640,8
4641,1
4642,5
4643,5
4644,2
4645,1
4646,0
4647,7
4648,1
4649,7
4650,1
4651,4
4652,6
4653,0
4654,1
4655,2
4656,3
4657,7
4658,6
4659,8
4660,1
4661,2
4662,3
4663,7
4664,7
4665,6
4666,7
4667,8
4668,1
4669,0
4670,2
4671,2
4672,1
4673,8
4674,0
4675,5
4676,6
4677,2
4678,5
4679,1
4680,6
4681,2
4682,4
4683,3
4684,1
4685,1
4686,0
4687,5
4688,4
4689,0
4690,6
4691,5
4692,6
4693,8
4694,6
4695,6
4696,1
4697,7
4698,6
4699,7
4700,6
4701,8
4702,8
4703,4
4704,4
4705,8
4706,6
4707,1
4708,7
4709,8
4710,1
4711,8
4712,0
4713,1
4714,1
4715,0
4716,5
4717,7
4718,3
4719,3
4720,7
4721,1
4722,0
4723,3
4724,7
4725,7
4726,7
4727,6
4728,0
4729,5
4730,5
4731,3
4732,7
4733,3
4734,4
4735,7
4736,7
4737,5
4738,8
4739,3
4740,1
4741,2
4742,8
4743,4
4744,6
4745,4
4746,7
4747,4
4748,4
4749,4
4750,8
4751,6
4752,3
4753,3
4754,1
4755,0
4756,0
4757,0
4758,8
4759,2
4760,3
4761,8
4762,1
4763,1
4764,7
4765,8
4766,3
4767,8
4768,0
4769,2
4770,7
4771,2
4772,4
4773,8
4774,0
4775,7
4776,8
4777,2
4778,4
4779,0
4780,0
4781,0
4782,3
4783,0
4784,1
4785,5
4786,6
4787,8
4788,5
4789,5
4790,1
4791,6
4792,3
4793,5
4794,2
4795,7
4796,7
4797,5
4798,2
4799,6
4800,2
4801,5
4802,0
4803,1
4804,4
4805,2
4806,1
4807,2
4808,0
4809,7
4810,2
4811,8
4812,2
4813,1
4814,3
4815,1
4816,2
4817,4
4818,0
4819,5
4820,0
4821,4
4822,7
4823,2
4824,2
4825,8
4826,1
4827,7
4828,5
4829,2
4830,1
4831,3
4832,8
4833,6
4834,6
4835,3
4836,8
4837,1
4838,2
4839,6
4840,4
4841,6
4842,3
4843,5
4844,5
4845,0
4846,7
4847,8
4848,4
4849,6
4850,5
4851,1
4852,6
4853,8
4854,0
4855,7
4856,1
4857,3
4858,8
4859,6
4860,3
4861,5
4862,7
4863,1
4864,2
4865,5
4866,4
4867,6
4868,7
4869,5
4870,2
4871,8
4872,2
4873,5
4874,3
4875,6
4876,6
4877,3
4878,3
4879,0
4880,7
4881,7
4882,8
4883,4
4884,7
4885,6
4886,3
4887,8
4888,1
4889,3
4890,6
4891,0
4892,0
4893,2
4894,5
4895,4
4896,8
4897,3
4898,3
4899,4
4900,1
4901,8
4902,0
4903,8
4904,7
4905,7
4906,8
4907,6
4908,6
4909,7
4910,3
4911,2
4912,6
4913,5
4914,0
4915,5
4916,5
4917,0
4918,4
4919,1
4920,3
4921,4
4922,1
4923,4
4924,6
4925,7
4926,6
4927,4
4928,7
4929,4
4930,5
4931,2
4932,4
4933,4
4934,5
4935,7
4936,3
4937,7
4938,4
4939,3
4940,1
4941,7
4942,8
4943,5
4944,5
4945,1
4946,8
4947,0
4948,1
4949,2
4950,5
4951,0
4952,0
4953,4
4954,5
4955,0
4956,7
4957,8
4958,3
4959,0
4960,6
4961,1
4962,6
4963,5
4964,4
4965,8
4966,4
4967,2
4968,8
4969,8
4970,8
4971,3
4972,0
4973,2
4974,6
4975,6
4976,3
4977,0
4978,2
4979,0
4980,7
4981,1
4982,7
4983,5
4984,2
4985,5
4986,7
4987,5
4988,5
4989,0
4990,3
4991,8
4992,6
4993,4
4994,6
4995,3
4996,5
4997,2
4998,5
4999,0
5000,7
5001,7
5002,4
5003,4
5004,3
5005,7
5006,8
5007,2
5008,8
5009,7
5010,5
5011,1
5012,2
5013,2
5014,3
5015,1
5016,1
5017,1
5018,4
5019,3
5020,6
5021,0
5022,1
5023,5
5024,5
5025,0
5026,7
5027,1
5028,0
5029,2
5030,4
5031,7
5032,2
5033,8
5034,8
5035,7
5036,8
5037,5
5038,2
5039,5
5040,7
5041,3
5042,0
5043,7
5044,6
5045,6
5046,5
5047,6
5048,4
5049,8
5050,0
5051,5
5052,0
5053,1
5054,2
5055,1
5056,0
5057,0
5058,7
5059,2
5060,4
5061,7
5062,1
5063,0
5064,8
5065,5
5066,0
5067,1
5068,2
5069,3
5070,8
5071,2
5072,3
5073,4
5074,6
5075,4
5076,7
5077,2
5078,0
5079,1
5080,4
5081,6
5082,8
5083,1
5084,0
5085,8
5086,2
5087,3
5088,6
5089,6
5090,1
5091,7
5092,6
5093,4
5094,5
5095,2
5096,1
5097,5
5098,0
5099,5
5100,8
5101,1
5102,2
5103,7
5104,7
5105,7
5106,8
5107,2
5108,0
5109,2
5110,4
5111,3
5112,5
5113,5
5114,7
5115,6
5116,6
5117,1
5118,8
5119,2
5120,2
5121,3
5122,5
5123,3
5124,4
5125,3
5126,6
5127,6
5128,7
5129,2
5130,7
5131,1
5132,2
5133,2
5134,1
5135,4
5136,3
5137,5
5138,4
5139,2
5140,2
5141,5
5142,6
5143,3
5144,2
5145,1
5146,8
5147,8
5148,4
5149,3
5150,4
5151,7
5152,1
5153,8
5154,0
5155,1
5156,6
5157,0
5158,0
5159,3
5160,3
5161,5
5162,7
5163,5
5164,2
5165,3
5166,3
5167,1
5168,0
5169,7
5170,0
5171,4
5172,0
5173,3
5174,4
5175,5
5176,5
5177,6
5178,7
5179,7
5180,8
5181,2
5182,8
5183,6
5184,3
5185,4
5186,6
5187,6
5188,2
5189,6
5190,2
5191,0
5192,7
5193,2
5194,7
5195,0
5196,2
5197,0
5198,3
5199,0
5200,7
5201,6
5202,7
5203,0
5204,2
5205,4
5206,5
5207,4
5208,6
5209,2
5210,3
5211,4
5212,2
5213,1
5214,7
5215,5
5216,0
5217,2
5218,8
5219,3
5220,1
5221,3
5222,2
5223,4
5224,7
5225,2
5226,3
5227,0
5228,1
5229,6
5230,7
5231,8
5232,6
5233,6
5234,1
5235,6
5236,2
5237,7
5238,0
5239,2
5240,7
5241,2
5242,7
5243,0
5244,0
5245,8
5246,3
5247,4
5248,3
5249,6
5250,1
5251,8
5252,7
5253,7
5254,7
5255,5
5256,7
5257,7
5258,1
5259,2
5260,2
5261,8
5262,6
5263,1
5264,3
5265,5
5266,1
5267,3
5268,4
5269,4
5270,1
5271,1
5272,4
5273,4
5274,6
5275,1
5276,2
5277,8
5278,5
5279,3
5280,2
5281,4
5282,5
5283,0
5284,2
5285,2
5286,1
5287,4
5288,3
5289,3
5290,5
5291,5
5292,2
5293,4
5294,5
5295,5
5296,3
5297,8
5298,8
5299,4
5300,1
5301,3
5302,4
5303,6
5304,1
5305,3
5306,3
5307,1
5308,3
5309,2
5310,6
5311,1
5312,6
5313,6
5314,7
5315,3
5316,4
5317,8
5318,8
5319,3
5320,7
5321,1
5322,8
5323,6
5324,8
5325,2
5326,1
5327,2
5328,5
5329,4
5330,4
5331,2
5332,2
5333,6
5334,5
5335,5
5336,6
5337,1
5338,6
5339,7
5340,1
5341,1
5342,5
5343,6
5344,4
5345,5
5346,3
5347,3
5348,5
5349,4
5350,6
5351,1
5352,0
5353,2
5354,8
5355,2
5356,1
5357,0
5358,2
5359,0
5360,4
5361,4
5362,5
5363,7
5364,8
5365,8
5366,4
5367,5
5368,3
5369,3
5370,5
5371,5
5372,1
5373,0
5374,1
5375,0
5376,5
5377,0
5378,8
5379,0
5380,7
5381,6
5382,6
5383,2
5384,3
5385,0
5386,6
5387,1
5388,6
5389,0
5390,1
5391,8
5392,8
5393,7
5394,6
5395,4
5396,0
5397,3
5398,7
5399,1
5400,6
5401,7
5402,7
5403,0
5404,5
5405,3
5406,2
5407,2
5408,8
5409,6
5410,7
5411,8
5412,2
5413,1
5414,1
5415,7
5416,5
5417,3
5418,5
5419,6
5420,4
5421,5
5422,4
5423,1
5424,5
5425,4
5426,5
5427,5
5428,6
5429,2
5430,8
5431,7
5432,0
5433,6
5434,3
5435,8
5436,2
5437,8
5438,4
5439,0
5440,5
5441,0
5442,4
5443,1
5444,6
5445,5
5446,4
5447,8
5448,6
5449,3
5450,5
5451,2
5452,6
5453,0
5454,4
5455,7
5456,3
5457,5
5458,4
5459,3
5460,6
5461,5
5462,3
5463,0
5464,7
5465,2
5466,3
5467,7
5468,5
5469,8
5470,2
5471,3
5472,3
5473,7
5474,5
5475,5
5476,0
5477,5
5478,7
5479,6
5480,8
5481,6
5482,7
5483,7
5484,0
5485,3
5486,8
5487,6
5488,1
5489,6
5490,3
5491,2
5492,1
5493,3
5494,6
5495,7
5496,7
5497,1
5498,7
5499,6
5500,1
5501,3
5502,6
5503,2
5504,0
5505,7
5506,1
5507,4
5508,7
5509,7
5510,2
5511,1
5512,0
5513,3
5514,0
5515,8
5516,2
5517,6
5518,4
5519,6
5520,3
5521,6
5522,2
5523,6
5524,7
5525,1
5526,0
5527,0
5528,8
5529,2
5530,5
5531,3
5532,1
5533,5
5534,8
5535,3
5536,4
5537,4
5538,0
5539,6
5540,4
5541,0
5542,6
5543,7
5544,2
5545,3
5546,4
5547,5
5548,4
5549,1
5550,4
5551,4
5552,5
5553,1
5554,8
5555,1
5556,8
5557,3
5558,7
5559,7
5560,7
5561,1
5562,4
5563,8
5564,8
5565,6
5566,3
5567,6
5568,1
5569,7
5570,3
5571,4
5572,2
5573,2
5574,2
5575,8
5576,4
5577,6
5578,5
5579,8
5580,5
5581,4
5582,7
5583,1
5584,3
5585,1
5586,1
5587,7
5588,3
5589,4
5590,8
5591,1
5592,5
5593,8
5594,0
5595,7
5596,1
5597,2
5598,1
5599,7
5600,1
5601,1
5602,2
5603,3
5604,3
5605,7
5606,0
5607,2
5608,8
5609,3
5610,0
5611,6
5612,7
5613,0
5614,3
5615,4
5616,6
5617,6
5618,3
5619,2
5620,0
5621,7
5622,6
5623,2
5624,5
5625,6
5626,0
5627,2
5628,5
5629,3
5630,7
5631,0
5632,6
5633,4
5634,4
5635,5
5636,7
5637,0
5638,5
5639,0
5640,2
5641,1
5642,5
5643,5
5644,7
5645,6
5646,2
5647,4
5648,7
5649,4
5650,1
5651,4
5652,8
5653,4
5654,5
5655,3
5656,5
5657,4
5658,0
5659,3
5660,6
5661,5
5662,7
5663,1
5664,1
5665,7
5666,7
5667,7
5668,1
5669,2
5670,2
5671,3
5672,4
5673,0
5674,4
5675,0
5676,4
5677,7
5678,7
5679,0
5680,8
5681,6
5682,2
5683,2
5684,2
5685,2
5686,3
5687,6
5688,8
5689,5
5690,3
5691,5
5692,0
5693,8
5694,7
5695,4
5696,2
5697,0
5698,4
5699,2
5700,5
5701,3
5702,8
5703,3
5704,4
5705,5
5706,1
5707,5
5708,8
5709,2
5710,2
5711,2
5712,5
5713,5
5714,4
5715,1
5716,8
5717,1
5718,8
5719,6
5720,5
5721,2
5722,1
5723,1
5724,0
5725,1
5726,3
5727,4
5728,3
5729,6
5730,1
5731,5
5732,8
5733,2
5734,6
5735,5
5736,2
5737,8
5738,8
5739,4
5740,2
5741,2
5742,0
5743,0
5744,1
5745,7
5746,7
5747,5
5748,2
5749,0
5750,3
5751,3
5752,3
5753,6
5754,2
5755,1
5756,2
5757,2
5758,7
5759,2
5760,0
5761,0
5762,5
5763,3
5764,5
5765,0
5766,1
5767,5
5768,5
5769,0
5770,3
5771,5
5772,4
5773,3
5774,3
5775,8
5776,1
5777,0
5778,1
5779,6
5780,0
5781,1
5782,7
5783,8
5784,7
5785,3
5786,2
5787,2
5788,0
5789,6
5790,2
5791,5
5792,5
5793,1
5794,0
5795,0
5796,4
5797,7
5798,0
5799,3
5800,5
5801,2
5802,2
5803,0
5804,1
5805,8
5806,7
5807,0
5808,2
5809,4
5810,7
5811,8
5812,4
5813,3
5814,1
5815,6
5816,8
5817,3
5818,8
5819,3
5820,4
5821,1
5822,5
5823,4
5824,6
5825,3
5826,4
5827,4
5828,0
5829,4
5830,7
5831,5
5832,6
5833,3
5834,6
5835,7
5836,6
5837,3
5838,1
5839,4
5840,2
5841,4
5842,3
5843,4
5844,0
5845,8
5846,1
5847,7
5848,8
5849,7
5850,0
5851,2
5852,3
5853,8
5854,4
5855,4
5856,8
5857,4
5858,6
5859,0
5860,8
5861,3
5862,4
5863,1
5864,5
5865,3
5866,1
5867,7
5868,4
5869,8
5870,2
5871,6
5872,1
5873,0
5874,6
5875,2
5876,8
5877,7
5878,1
5879,2
5880,5
5881,0
5882,8
5883,4
5884,4
5885,5
5886,3
5887,0
5888,4
5889,7
5890,7
5891,6
5892,3
5893,6
5894,2
5895,4
5896,2
5897,3
5898,7
5899,0
5900,0
5901,0
5902,8
5903,7
5904,2
5905,5
5906,1
5907,6
5908,2
5909,6
5910,5
5911,2
5912,0
5913,4
5914,2
5915,1
5916,7
5917,6
5918,3
5919,4
5920,7
5921,3
5922,7
5923,0
5924,0
5925,6
5926,0
5927,1
5928,4
5929,4
5930,6
5931,2
5932,1
5933,4
5934,8
5935,6
5936,5
5937,6
5938,7
5939,1
5940,2
5941,5
5942,6
5943,2
5944,4
5945,5
5946,5
5947,4
5948,4
5949,5
5950,7
5951,5
5952,1
5953,4
5954,4
5955,2
5956,8
5957,7
5958,1
5959,7
5960,7
5961,6
5962,0
5963,0
5964,0
5965,4
5966,7
5967,4
5968,3
5969,7
5970,1
5971,5
5972,5
5973,1
5974,8
5975,5
5976,7
5977,8
5978,6
5979,5
5980,5
5981,6
5982,2
5983,3
5984,3
5985,0
5986,3
5987,6
5988,0
5989,2
5990,4
5991,4
5992,1
5993,2
5994,8
5995,6
5996,4
5997,1
5998,1
5999,6
6000,6
6001,6
6002,6
6003,0
6004,1
6005,4
6006,4
6007,8
6008,8
6009,6
6010,7
6011,3
6012,1
6013,2
6014,5
6015,8
6016,1
6017,3
6018,8
6019,5
6020,0
6021,0
6022,7
6023,8
6024,2
6025,1
6026,0
6027,2
6028,6
6029,2
6030,6
6031,0
6032,3
6033,3
6034,2
6035,5
6036,0
6037,3
6038,5
6039,8
6040,1
6041,2
6042,0
6043,7
6044,1
6045,0
6046,8
6047,0
6048,7
6049,8
6050,6
6051,6
6052,5
6053,0
6054,6
6055,8
6056,5
6057,2
6058,5
6059,4
6060,1
6061,2
6062,2
6063,1
6064,2
6065,7
6066,3
6067,0
6068,8
6069,8
6070,2
6071,7
6072,2
6073,6
6074,8
6075,8
6076,5
6077,8
6078,5
6079,8
6080,3
6081,7
6082,5
6083,3
6084,2
6085,5
6086,8
6087,3
6088,3
6089,8
6090,1
6091,1
6092,8
6093,7
6094,5
6095,8
6096,3
6097,7
6098,0
6099,0
6100,4
6101,4
6102,1
6103,0
6104,2
6105,1
6106,4
6107,7
6108,1
6109,4
6110,6
6111,8
6112,0
6113,4
6114,4
6115,1
6116,8
6117,8
6118,2
6119,2
6120,8
6121,3
6122,2
6123,6
6124,7
6125,8
6126,1
6127,5
6128,3
6129,4
6130,5
6131,3
6132,1
6133,3
6134,0
6135,7
6136,6
6137,6
6138,0
6139,1
6140,8
6141,5
6142,8
6143,4
6144,4
6145,5
6146,5
6147,4
6148,7
6149,0
6150,7
6151,2
6152,3
6153,2
6154,7
6155,0
6156,7
6157,5
6158,4
6159,6
6160,0
6161,3
6162,8
6163,7
6164,3
6165,7
6166,2
6167,5
6168,8
6169,6
6170,2
6171,4
6172,8
6173,4
6174,6
6175,4
6176,5
6177,5
6178,1
6179,2
6180,0
6181,0
6182,4
6183,8
6184,6
6185,2
6186,3
6187,6
6188,0
6189,7
6190,3
6191,5
6192,7
6193,5
6194,3
6195,8
6196,2
6197,4
6198,2
6199,7
6200,0
6201,4
6202,5
6203,3
6204,7
6205,3
6206,0
6207,8
6208,3
6209,3
6210,7
6211,2
6212,2
6213,1
6214,7
6215,2
6216,4
6217,8
6218,3
6219,8
6220,8
6221,5
6222,4
6223,7
6224,0
6225,2
6226,4
6227,7
6228,6
6229,3
6230,0
6231,6
6232,3
6233,3
6234,8
6235,7
6236,5
6237,3
6238,7
6239,1
6240,5
6241,8
6242,1
6243,3
6244,0
6245,4
6246,7
6247,0
6248,6
6249,6
6250,7
6251,7
6252,2
6253,8
6254,0
6255,2
6256,3
6257,8
6258,3
6259,7
6260,2
6261,7
6262,2
6263,7
6264,5
6265,0
6266,0
6267,4
6268,7
6269,2
6270,7
6271,1
6272,7
6273,5
6274,3
6275,7
6276,1
6277,1
6278,2
6279,0
6280,0
6281,6
6282,0
6283,0
6284,3
6285,8
6286,3
6287,3
6288,8
6289,1
6290,0
6291,7
6292,1
6293,5
6294,4
6295,3
6296,6
6297,2
6298,6
6299,8
6300,3
6301,4
6302,0
6303,8
6304,3
6305,6
6306,2
6307,6
6308,8
6309,1
6310,5
6311,0
6312,5
6313,8
6314,5
6315,8
6316,2
6317,8
6318,5
6319,4
6320,8
6321,0
6322,3
6323,8
6324,6
6325,6
6326,3
6327,1
6328,5
6329,5
6330,8
6331,5
6332,7
6333,2
6334,0
6335,5
6336,8
6337,0
6338,3
6339,5
6340,4
6341,1
6342,3
6343,6
6344,6
6345,0
6346,2
6347,5
6348,7
6349,5
6350,7
6351,0
6352,8
6353,8
6354,8
6355,1
6356,2
6357,0
6358,7
6359,3
6360,8
6361,8
6362,5
6363,7
6364,2
6365,7
6366,1
6367,7
6368,0
6369,4
6370,3
6371,7
6372,4
6373,5
6374,7
6375,7
6376,4
6377,3
6378,7
6379,8
6380,7
6381,3
6382,5
6383,1
6384,7
6385,6
6386,7
6387,6
6388,6
6389,6
6390,5
6391,5
6392,3
6393,3
6394,0
6395,0
6396,3
6397,1
6398,7
6399,7
6400,1
6401,8
6402,7
6403,1
6404,4
6405,5
6406,7
6407,8
6408,8
6409,5
6410,8
6411,1
6412,5
6413,4
6414,0
6415,4
6416,0
6417,0
6418,8
6419,0
6420,0
6421,6
6422,7
6423,2
6424,5
6425,4
6426,0
6427,8
6428,6
6429,0
6430,7
6431,4
6432,8
6433,5
6434,0
6435,4
6436,0
6437,4
6438,5
6439,1
6440,8
6441,2
6442,6
6443,1
6444,4
6445,0
6446,8
6447,7
6448,3
6449,6
6450,0
6451,8
6452,3
6453,3
6454,5
6455,5
6456,1
6457,7
6458,0
6459,2
6460,0
6461,0
6462,8
6463,6
6464,3
6465,8
6466,1
6467,0
6468,8
6469,2
6470,0
6471,2
6472,0
6473,6
6474,4
6475,5
6476,5
6477,6
6478,1
6479,4
6480,7
6481,1
6482,7
6483,8
6484,7
6485,2
6486,8
6487,8
6488,1
6489,7
6490,4
6491,1
6492,2
6493,5
6494,5
6495,5
6496,1
6497,8
6498,4
6499,0
6500,2
6501,7
6502,4
6503,1
6504,4
6505,2
6506,5
6507,4
6508,8
6509,7
6510,4
6511,7
6512,5
6513,1
6514,3
6515,3
6516,4
6517,5
6518,8
6519,1
6520,1
6521,1
6522,6
6523,2
6524,5
6525,1
6526,5
6527,8
6528,8
6529,6
6530,6
6531,7
6532,0
6533,4
6534,6
6535,5
6536,7
6537,1
6538,0
6539,5
6540,6
6541,6
6542,6
6543,8
6544,0
6545,7
6546,1
6547,8
6548,2
6549,1
6550,1
6551,3
6552,4
6553,4
6554,6
6555,4
6556,0
6557,6
6558,4
6559,0
6560,6
6561,5
6562,1
6563,7
6564,7
6565,8
6566,0
6567,1
6568,6
6569,3
6570,5
6571,0
6572,4
6573,5
6574,7
6575,3
6576,3
6577,1
6578,5
6579,0
6580,2
6581,3
6582,8
6583,2
6584,5
6585,7
6586,1
6587,8
6588,6
6589,4
6590,4
6591,3
6592,7
6593,8
6594,6
6595,7
6596,7
6597,4
6598,3
6599,6
6600,7
6601,1
6602,1
6603,6
6604,1
6605,3
6606,0
6607,7
6608,4
6609,1
6610,1
6611,6
6612,7
6613,1
6614,3
6615,5
6616,5
6617,3
6618,0
6619,4
6620,5
6621,4
6622,6
6623,2
6624,4
6625,6
6626,1
6627,3
6628,4
6629,6
6630,5
6631,5
6632,5
6633,8
6634,3
6635,5
6636,5
6637,7
6638,5
6639,4
6640,6
6641,2
6642,2
6643,2
6644,5
6645,5
6646,8
6647,1
6648,8
6649,1
6650,4
6651,8
6652,7
6653,1
6654,5
6655,0
6656,0
6657,8
6658,0
6659,8
6660,1
6661,2
6662,5
6663,7
6664,7
6665,4
6666,3
6667,6
6668,6
6669,0
6670,5
6671,4
6672,4
6673,2
6674,0
6675,7
6676,7
6677,8
6678,3
6679,8
6680,1
6681,8
6682,1
6683,2
6684,8
6685,3
6686,8
6687,8
6688,5
6689,0
6690,8
6691,6
6692,3
6693,3
6694,6
6695,0
6696,8
6697,8
6698,0
6699,7
6700,6
6701,7
6702,0
6703,2
6704,8
6705,3
6706,8
6707,1
6708,6
6709,5
6710,4
6711,6
6712,4
6713,8
6714,1
6715,3
6716,0
6717,4
6718,6
6719,0
6720,3
6721,2
6722,0
6723,5
6724,7
6725,8
6726,6
6727,7
6728,6
6729,5
6730,7
6731,5
6732,2
6733,5
6734,7
6735,8
6736,4
6737,2
6738,6
6739,1
6740,5
6741,2
6742,2
6743,6
6744,6
6745,1
6746,0
6747,3
6748,6
6749,7
6750,2
6751,3
6752,7
6753,0
6754,0
6755,4
6756,1
6757,6
6758,0
6759,5
6760,2
6761,6
6762,1
6763,6
6764,2
6765,2
6766,5
6767,1
6768,4
6769,0
6770,8
6771,2
6772,5
6773,3
6774,0
6775,8
6776,3
6777,2
6778,1
6779,3
6780,1
6781,0
6782,3
6783,0
6784,6
6785,8
6786,2
6787,6
6788,4
6789,0
6790,7
6791,5
6792,8
6793,7
6794,7
6795,0
6796,2
6797,8
6798,6
6799,1
6800,5
6801,0
6802,3
6803,1
6804,0
6805,8
6806,0
6807,2
6808,8
6809,3
6810,3
6811,2
6812,2
6813,8
6814,3
6815,5
6816,3
6817,4
6818,8
6819,6
6820,1
6821,7
6822,6
6823,0
6824,7
6825,0
6826,4
6827,0
6828,1
6829,3
6830,7
6831,2
6832,1
6833,4
6834,8
6835,6
6836,4
6837,4
6838,0
6839,7
6840,8
6841,2
6842,7
6843,1
6844,1
6845,7
6846,4
6847,4
6848,6
6849,5
6850,2
6851,3
6852,4
6853,3
6854,5
6855,3
6856,7
6857,1
6858,1
6859,7
6860,3
6861,2
6862,7
6863,2
6864,6
6865,2
6866,0
6867,2
6868,4
6869,4
6870,7
6871,4
6872,1
6873,4
6874,5
6875,7
6876,1
6877,0
6878,6
6879,2
6880,6
6881,4
6882,4
6883,5
6884,6
6885,8
6886,4
6887,6
6888,8
6889,8
6890,6
6891,2
6892,5
6893,5
6894,1
6895,1
6896,2
6897,0
6898,5
6899,5
6900,7
6901,3
6902,7
6903,5
6904,4
6905,1
6906,7
6907,0
6908,8
6909,6
6910,5
6911,6
6912,6
6913,4
6914,6
6915,5
6916,4
6917,6
6918,6
6919,4
6920,4
6921,2
6922,7
6923,0
6924,1
6925,6
6926,0
6927,4
6928,0
6929,8
6930,7
6931,4
6932,2
6933,4
6934,7
6935,0
6936,2
6937,7
6938,0
6939,5
6940,4
6941,8
6942,1
6943,8
6944,2
6945,8
6946,5
6947,1
6948,7
6949,0
6950,8
6951,1
6952,7
6953,2
6954,5
6955,8
6956,2
6957,8
6958,5
6959,3
6960,3
6961,5
6962,0
6963,6
6964,6
6965,1
6966,7
6967,6
6968,7
6969,4
6970,2
6971,7
6972,6
6973,6
6974,6
6975,6
6976,4
6977,8
6978,0
6979,5
6980,3
6981,5
6982,8
6983,3
6984,2
6985,8
6986,6
6987,5
6988,0
6989,1
6990,7
6991,5
6992,2
6993,1
6994,3
6995,1
6996,6
6997,4
6998,2
6999,0
7000,1
7001,1
7002,7
7003,0
7004,5
7005,5
7006,1
7007,5
7008,6
7009,0
7010,0
7011,7
7012,1
7013,6
7014,8
7015,5
7016,2
7017,0
7018,0
7019,4
7020,5
7021,0
7022,6
7023,0
7024,2
7025,3
7026,0
7027,3
7028,3
7029,8
7030,7
7031,5
7032,7
7033,6
7034,3
7035,2
7036,6
7037,2
7038,7
7039,2
7040,1
7041,6
7042,6
7043,7
7044,1
7045,2
7046,6
7047,7
7048,1
7049,8
7050,0
7051,3
7052,7
7053,4
7054,5
7055,6
7056,0
7057,5
7058,8
7059,2
7060,4
7061,7
7062,2
7063,7
7064,2
7065,5
7066,5
7067,6
7068,6
7069,2
7070,2
7071,3
7072,3
7073,3
7074,2
7075,3
7076,4
7077,0
7078,5
7079,3
7080,5
7081,2
7082,5
7083,8
7084,5
7085,0
7086,4
7087,7
7088,8
7089,2
7090,3
7091,6
7092,5
7093,6
7094,8
7095,3
7096,4
7097,4
7098,7
7099,7
7100,1
7101,0
7102,6
7103,3
7104,6
7105,2
7106,6
7107,6
7108,0
7109,7
7110,8
7111,5
7112,5
7113,0
7114,4
7115,6
7116,1
7117,3
7118,1
7119,5
7120,1
7121,7
7122,4
7123,1
7124,2
7125,6
7126,2
7127,7
7128,8
7129,2
7130,0
7131,2
7132,8
7133,5
7134,6
7135,2
7136,6
7137,2
7138,2
7139,0
7140,1
7141,6
7142,1
7143,2
7144,0
7145,4
7146,8
7147,6
7148,2
7149,7
7150,0
7151,8
7152,6
7153,5
7154,0
7155,4
7156,5
7157,4
7158,5
7159,2
7160,6
7161,2
7162,2
7163,6
7164,2
7165,0
7166,8
7167,6
7168,6
7169,7
7170,0
7171,8
7172,0
7173,5
7174,0
7175,0
7176,5
7177,8
7178,7
7179,1
7180,8
7181,1
7182,2
7183,3
7184,7
7185,4
7186,5
7187,4
7188,2
7189,7
7190,4
7191,7
7192,0
7193,5
7194,8
7195,4
7196,8
7197,1
7198,1
7199,4
7200,8
7201,4
7202,7
7203,3
7204,4
7205,5
7206,5
7207,0
7208,8
7209,2
7210,1
7211,6
7212,7
7213,5
7214,2
7215,8
7216,7
7217,4
7218,1
7219,3
7220,5
7221,8
7222,5
7223,0
7224,4
7225,3
7226,3
7227,2
7228,2
7229,3
7230,4
7231,8
7232,5
7233,2
7234,4
7235,6
7236,0
7237,6
7238,0
7239,1
7240,2
7241,3
7242,3
7243,0
7244,8
7245,6
7246,5
7247,8
7248,6
7249,5
7250,3
7251,5
7252,3
7253,1
7254,6
7255,3
7256,3
7257,4
7258,5
7259,5
7260,0
7261,7
7262,1
7263,5
7264,4
7265,0
7266,3
7267,3
7268,4
7269,1
7270,4
7271,4
7272,2
7273,3
7274,2
7275,1
7276,2
7277,4
7278,5
7279,8
7280,7
7281,7
7282,8
7283,5
7284,6
7285,2
7286,3
7287,6
7288,6
7289,5
7290,6
7291,5
7292,2
7293,3
7294,4
7295,3
7296,0
7297,7
7298,1
7299,8
7300,5
7301,2
7302,2
7303,1
7304,6
7305,1
7306,0
7307,8
7308,5
7309,5
7310,6
7311,8
7312,3
7313,3
7314,0
7315,4
7316,5
7317,6
7318,0
7319,8
7320,2
7321,7
7322,2
7323,8
7324,1
7325,7
7326,5
7327,1
7328,4
7329,2
7330,7
7331,3
7332,0
7333,6
7334,7
7335,1
7336,5
7337,3
7338,0
7339,3
7340,3
7341,8
7342,3
7343,7
7344,0
7345,3
7346,3
7347,8
7348,3
7349,5
7350,8
7351,7
7352,1
7353,4
7354,6
7355,3
7356,5
7357,2
7358,1
7359,0
7360,4
7361,6
7362,5
7363,6
7364,0
7365,5
7366,1
7367,7
7368,2
7369,2
7370,4
7371,8
7372,7
7373,2
7374,4
7375,1
7376,6
7377,6
7378,0
7379,6
7380,2
7381,1
7382,0
7383,1
7384,2
7385,7
7386,3
7387,0
7388,0
7389,0
7390,3
7391,8
7392,7
7393,7
7394,4
7395,0
7396,0
7397,4
7398,3
7399,2
7400,7
7401,0
7402,0
7403,6
7404,3
7405,4
7406,3
7407,4
7408,3
7409,5
7410,3
7411,6
7412,0
7413,8
7414,8
7415,1
7416,3
7417,2
7418,5
7419,5
7420,1
7421,8
7422,2
7423,8
7424,0
7425,2
7426,8
7427,2
7428,3
7429,1
7430,0
7431,7
7432,7
7433,0
7434,0
7435,6
7436,4
7437,2
7438,4
7439,0
7440,7
7441,7
7442,5
7443,4
7444,1
7445,5
7446,7
7447,7
7448,0
7449,0
7450,0
7451,2
7452,3
7453,3
7454,6
7455,5
7456,7
7457,3
7458,2
7459,0
7460,2
7461,3
7462,3
7463,6
7464,3
7465,8
7466,1
7467,2
7468,3
7469,2
7470,1
7471,8
7472,4
7473,7
7474,0
7475,1
7476,4
7477,8
7478,8
7479,2
7480,2
7481,2
7482,8
7483,4
7484,4
7485,2
7486,8
7487,5
7488,2
7489,7
7490,1
7491,1
7492,6
7493,7
7494,7
7495,6
7496,6
7497,4
7498,6
7499,3
7500,2
7501,1
7502,8
7503,5
7504,0
7505,8
7506,4
7507,8
7508,2
7509,2
7510,4
7511,8
7512,0
7513,6
7514,2
7515,1
7516,5
7517,2
7518,6
7519,7
7520,1
7521,2
7522,6
7523,2
7524,4
7525,1
7526,4
7527,3
7528,7
7529,7
7530,0
7531,6
7532,4
7533,7
7534,4
7535,5
7536,2
7537,4
7538,7
7539,5
7540,6
7541,3
7542,0
7543,6
7544,8
7545,6
7546,2
7547,1
7548,1
7549,4
7550,1
7551,2
7552,3
7553,3
7554,3
7555,5
7556,2
7557,0
7558,5
7559,6
7560,3
7561,3
7562,7
7563,8
7564,6
7565,1
7566,5
7567,1
7568,2
7569,4
7570,3
7571,5
7572,6
7573,2
7574,4
7575,0
7576,7
7577,4
7578,1
7579,2
7580,7
7581,5
7582,6
7583,5
7584,5
7585,0
7586,5
7587,8
7588,5
7589,4
7590,5
7591,3
7592,1
7593,8
7594,6
7595,2
7596,4
7597,8
7598,2
7599,3
7600,4
7601,8
7602,1
7603,7
7604,3
7605,6
7606,8
7607,8
7608,7
7609,5
7610,2
7611,1
7612,8
7613,0
7614,4
7615,3
7616,0
7617,1
7618,1
7619,6
7620,8
7621,1
7622,3
7623,4
7624,3
7625,0
7626,7
7627,0
7628,4
7629,3
7630,6
7631,1
7632,5
7633,6
7634,1
7635,2
7636,0
7637,1
7638,3
7639,0
7640,3
7641,5
7642,3
7643,7
7644,3
7645,4
7646,4
7647,1
7648,8
7649,1
7650,3
7651,4
7652,1
7653,8
7654,6
7655,7
7656,0
7657,4
7658,0
7659,8
7660,6
7661,8
7662,1
7663,5
7664,1
7665,4
7666,4
7667,4
7668,5
7669,7
7670,6
7671,1
7672,4
7673,1
7674,0
7675,8
7676,5
7677,0
7678,6
7679,4
7680,5
7681,2
7682,0
7683,7
7684,8
7685,3
7686,0
7687,0
7688,7
7689,4
7690,4
7691,0
7692,8
7693,8
7694,0
7695,4
7696,3
7697,3
7698,5
7699,8
7700,2
7701,0
7702,0
7703,6
7704,8
7705,1
7706,2
7707,0
7708,4
7709,6
7710,3
7711,8
7712,0
7713,1
7714,0
7715,6
7716,0
7717,7
7718,4
7719,5
7720,4
7721,3
7722,2
7723,2
7724,3
7725,1
7726,4
7727,6
7728,2
7729,8
7730,2
7731,3
7732,3
7733,3
7734,1
7735,3
7736,2
7737,3
7738,1
7739,4
7740,2
7741,4
7742,2
7743,7
7744,1
7745,3
7746,2
7747,6
7748,0
7749,1
7750,3
7751,8
7752,3
7753,2
7754,8
7755,1
7756,4
7757,4
7758,3
7759,3
7760,6
7761,0
7762,3
7763,8
7764,7
7765,8
7766,5
7767,7
7768,4
7769,7
7770,4
7771,4
7772,5
7773,2
7774,8
7775,3
7776,1
7777,8
7778,6
7779,1
7780,8
7781,3
7782,6
7783,2
7784,6
7785,1
7786,3
7787,2
7788,5
7789,0
7790,2
7791,1
7792,8
7793,3
7794,6
7795,7
7796,3
7797,2
7798,1
7799,1
7800,2
7801,1
7802,4
7803,4
7804,4
7805,6
7806,3
7807,0
7808,1
7809,2
7810,4
7811,1
7812,4
7813,2
7814,8
7815,2
7816,5
7817,2
7818,2
7819,5
7820,3
7821,4
7822,0
7823,1
7824,2
7825,1
7826,6
7827,4
7828,6
7829,4
7830,0
7831,0
7832,0
7833,6
7834,1
7835,6
7836,4
7837,5
7838,2
7839,6
7840,8
7841,5
7842,5
7843,5
7844,1
7845,1
7846,5
7847,0
7848,2
7849,6
7850,0
7851,1
7852,7
7853,2
7854,8
7855,4
7856,2
7857,2
7858,0
7859,2
7860,6
7861,1
7862,5
7863,3
7864,3
7865,7
7866,4
7867,5
7868,7
7869,5
7870,5
7871,6
7872,2
7873,8
7874,2
7875,7
7876,5
7877,3
7878,0
7879,1
7880,7
7881,3
7882,7
7883,3
7884,2
7885,3
7886,8
7887,3
7888,2
7889,5
7890,3
7891,1
7892,4
7893,1
7894,0
7895,4
7896,0
7897,5
7898,7
7899,3
7900,0
7901,8
7902,3
7903,6
7904,5
7905,0
7906,6
7907,4
7908,5
7909,1
7910,5
7911,6
7912,0
7913,0
7914,1
7915,0
7916,1
7917,8
7918,5
7919,2
7920,1
7921,3
7922,8
7923,2
7924,1
7925,5
7926,8
7927,4
7928,2
7929,1
7930,5
7931,2
7932,2
7933,7
7934,7
7935,4
7936,3
7937,1
7938,7
7939,5
7940,4
7941,3
7942,7
7943,5
7944,5
7945,5
7946,3
7947,4
7948,6
7949,0
7950,1
7951,0
7952,7
7953,7
7954,5
7955,6
7956,7
7957,6
7958,7
7959,1
7960,0
7961,5
7962,5
7963,1
7964,4
7965,5
7966,7
7967,7
7968,8
7969,7
7970,6
7971,6
7972,2
7973,4
7974,4
7975,2
7976,6
7977,7
7978,6
7979,6
7980,7
7981,5
7982,6
7983,4
7984,1
7985,5
7986,0
7987,0
7988,0
7989,6
7990,4
7991,6
7992,1
7993,2
7994,5
7995,4
7996,7
7997,7
7998,6
7999,1
8000,3
8001,2
8002,4
8003,3
8004,1
8005,0
8006,1
8007,3
8008,0
8009,1
8010,1
8011,2
8012,0
8013,7
8014,3
8015,1
8016,0
8017,0
8018,6
8019,5
8020,3
8021,2
8022,6
8023,2
8024,2
8025,5
8026,8
8027,4
8028,3
8029,3
8030,6
8031,6
8032,8
8033,6
8034,1
8035,6
8036,8
8037,6
8038,2
8039,0
8040,6
8041,8
8042,7
8043,3
8044,8
8045,2
8046,3
8047,0
8048,0
8049,8
8050,3
8051,1
8052,8
8053,4
8054,5
8055,2
8056,3
8057,7
8058,8
8059,6
8060,6
8061,0
8062,8
8063,2
8064,0
8065,7
8066,5
8067,4
8068,2
8069,7
8070,0
8071,4
8072,4
8073,6
8074,1
8075,7
8076,0
8077,6
8078,4
8079,5
8080,2
8081,0
8082,4
8083,4
8084,8
8085,6
8086,5
8087,1
8088,8
8089,4
8090,1
8091,6
8092,8
8093,8
8094,7
8095,2
8096,6
8097,8
8098,6
8099,0
8100,1
8101,6
8102,2
8103,6
8104,1
8105,2
8106,7
8107,5
8108,5
8109,2
8110,0
8111,4
8112,4
8113,8
8114,1
8115,1
8116,7
8117,2
8118,7
8119,1
8120,2
8121,5
8122,1
8123,1
8124,1
8125,3
8126,2
8127,5
8128,7
8129,5
8130,8
8131,2
8132,1
8133,4
8134,0
8135,6
8136,0
8137,5
8138,8
8139,7
8140,0
8141,5
8142,4
8143,0
8144,4
8145,0
8146,1
8147,3
8148,2
8149,5
8150,8
8151,5
8152,1
8153,4
8154,8
8155,1
8156,7
8157,2
8158,0
8159,2
8160,7
8161,4
8162,2
8163,3
8164,4
8165,5
8166,2
8167,7
8168,7
8169,7
8170,2
8171,4
8172,2
8173,4
8174,6
8175,2
8176,1
8177,7
8178,6
8179,0
8180,6
8181,8
8182,6
8183,5
8184,2
8185,6
8186,3
8187,5
8188,3
8189,3
8190,6
8191,8
8192,7
8193,1
8194,3
8195,7
8196,2
8197,8
8198,6
8199,1
8200,4
8201,2
8202,0
8203,8
8204,5
8205,6
8206,3
8207,5
8208,2
8209,2
8210,0
8211,0
8212,1
8213,8
8214,8
8215,1
8216,4
8217,2
8218,6
8219,6
8220,1
8221,1
8222,8
8223,7
8224,4
8225,3
8226,4
8227,0
8228,5
8229,5
8230,5
8231,0
8232,7
8233,5
8234,1
8235,6
8236,8
8237,3
8238,1
8239,3
8240,6
8241,5
8242,3
8243,6
8244,2
8245,8
8246,6
8247,0
8248,0
8249,0
8250,2
8251,6
8252,7
8253,0
8254,4
8255,3
8256,0
8257,0
8258,8
8259,7
8260,7
8261,4
8262,4
8263,5
8264,5
8265,6
8266,0
8267,7
8268,8
8269,3
8270,7
8271,6
8272,4
8273,0
8274,0
8275,7
8276,4
8277,6
8278,8
8279,5
8280,8
8281,8
8282,1
8283,7
8284,6
8285,7
8286,8
8287,1
8288,5
8289,6
8290,0
8291,0
8292,1
8293,4
8294,5
8295,6
8296,6
8297,0
8298,7
8299,8
8300,8
8301,2
8302,6
8303,5
8304,7
8305,3
8306,0
8307,8
8308,8
8309,2
8310,6
8311,4
8312,8
8313,4
8314,3
8315,4
8316,7
8317,8
8318,6
8319,1
8320,3
8321,2
8322,1
8323,3
8324,4
8325,6
8326,8
8327,0
8328,3
8329,7
8330,6
8331,0
8332,1
8333,2
8334,6
8335,4
8336,1
8337,5
8338,4
8339,2
8340,0
8341,1
8342,7
8343,5
8344,3
8345,8
8346,3
8347,5
8348,4
8349,2
8350,6
8351,5
8352,8
8353,6
8354,8
8355,6
8356,6
8357,0
8358,5
8359,5
8360,4
8361,4
8362,2
8363,3
8364,6
8365,7
8366,1
8367,6
8368,7
8369,8
8370,8
8371,8
8372,6
8373,1
8374,0
8375,7
8376,2
8377,5
8378,6
8379,0
8380,6
8381,1
8382,0
8383,0
8384,4
8385,2
8386,8
8387,2
8388,7
8389,5
8390,2
8391,6
8392,3
8393,7
8394,8
8395,7
8396,8
8397,8
8398,6
8399,6
8400,7
8401,6
8402,8
8403,7
8404,2
8405,1
8406,1
8407,8
8408,2
8409,3
8410,4
8411,5
8412,4
8413,2
8414,0
8415,7
8416,4
8417,4
8418,5
8419,7
8420,8
8421,2
8422,2
8423,4
8424,2
8425,2
8426,6
8427,6
8428,2
8429,0
8430,6
8431,0
8432,7
8433,3
8434,8
8435,7
8436,8
8437,1
8438,4
8439,0
8440,8
8441,6
8442,3
8443,0
8444,4
8445,4
8446,8
8447,8
8448,6
8449,4
8450,3
8451,4
8452,5
8453,2
8454,5
8455,0
8456,8
8457,6
8458,8
8459,4
8460,0
8461,7
8462,6
8463,4
8464,7
8465,0
8466,6
8467,4
8468,7
8469,4
8470,0
8471,3
8472,5
8473,8
8474,0
8475,7
8476,2
8477,6
8478,4
8479,5
8480,7
8481,0
8482,4
8483,2
8484,8
8485,2
8486,4
8487,4
8488,7
8489,4
8490,6
8491,3
8492,7
8493,0
8494,6
8495,3
8496,4
8497,3
8498,3
8499,6
8500,8
8501,7
8502,5
8503,0
8504,8
8505,5
8506,2
8507,8
8508,8
8509,6
8510,3
8511,0
8512,1
8513,8
8514,6
8515,3
8516,5
8517,3
8518,6
8519,6
8520,1
8521,3
8522,6
8523,3
8524,3
8525,1
8526,4
8527,5
8528,4
8529,0
8530,5
8531,4
8532,4
8533,1
8534,2
8535,8
8536,6
8537,3
8538,8
8539,4
8540,5
8541,7
8542,7
8543,8
8544,1
8545,3
8546,2
8547,8
8548,2
8549,5
8550,5
8551,8
8552,0
8553,7
8554,8
8555,0
8556,0
8557,3
8558,2
8559,2
8560,2
8561,6
8562,2
8563,3
8564,3
8565,1
8566,3
8567,8
8568,8
8569,8
8570,6
8571,6
8572,7
8573,2
8574,2
8575,1
8576,4
8577,2
8578,3
8579,4
8580,7
8581,7
8582,1
8583,5
8584,6
8585,3
8586,4
8587,6
8588,0
8589,5
8590,1
8591,6
8592,8
8593,8
8594,2
8595,7
8596,0
8597,8
8598,1
8599,0
8600,0
8601,7
8602,4
8603,4
8604,7
8605,6
8606,8
8607,0
8608,3
8609,0
8610,5
8611,5
8612,8
8613,1
8614,0
8615,3
8616,4
8617,5
8618,2
8619,1
8620,7
8621,1
8622,7
8623,7
8624,8
8625,3
8626,0
8627,0
8628,6
8629,6
8630,8
8631,6
8632,0
8633,2
8634,7
8635,8
8636,8
8637,2
8638,0
8639,8
8640,8
8641,5
8642,1
8643,0
8644,4
8645,8
8646,5
8647,2
8648,8
8649,0
8650,1
8651,8
8652,1
8653,0
8654,8
8655,0
8656,4
8657,8
8658,0
8659,6
8660,8
8661,7
8662,0
8663,7
8664,6
8665,2
8666,7
8667,1
8668,7
8669,4
8670,6
8671,7
8672,7
8673,0
8674,5
8675,1
8676,8
8677,7
8678,4
8679,1
8680,4
8681,4
8682,6
8683,3
8684,8
8685,1
8686,0
8687,6
8688,6
8689,6
8690,7
8691,0
8692,2
8693,5
8694,2
8695,0
8696,6
8697,3
8698,3
8699,5
8700,2
8701,6
8702,7
8703,6
8704,3
8705,3
8706,8
8707,8
8708,6
8709,3
8710,8
8711,2
8712,1
8713,3
8714,4
8715,8
8716,6
8717,5
8718,0
8719,6
8720,8
8721,7
8722,7
8723,7
8724,5
8725,4
8726,4
8727,3
8728,5
8729,6
8730,2
8731,5
8732,0
8733,2
8734,8
8735,1
8736,7
8737,3
8738,8
8739,5
8740,4
8741,0
8742,8
8743,8
8744,5
8745,7
8746,6
8747,7
8748,3
8749,1
8750,6
8751,2
8752,8
8753,0
8754,8
8755,7
8756,2
8757,5
8758,4
8759,4
8760,3
8761,7
8762,0
8763,6
8764,4
8765,6
8766,8
8767,7
8768,2
8769,5
8770,7
8771,3
8772,7
8773,6
8774,1
8775,4
8776,0
8777,7
8778,4
8779,7
8780,5
8781,0
8782,1
8783,3
8784,8
8785,6
8786,6
8787,0
8788,6
8789,1
8790,0
8791,4
8792,5
8793,1
8794,5
8795,5
8796,6
8797,5
8798,0
8799,1
8800,1
8801,2
8802,1
8803,3
8804,3
8805,0
8806,7
8807,8
8808,3
8809,7
8810,6
8811,0
8812,4
8813,3
8814,0
8815,4
8816,3
8817,7
8818,7
8819,0
8820,2
8821,6
8822,2
8823,3
8824,2
8825,7
8826,6
8827,3
8828,5
8829,1
8830,4
8831,0
8832,2
8833,4
8834,2
8835,5
8836,3
8837,7
8838,7
8839,3
8840,3
8841,7
8842,4
8843,6
8844,5
8845,0
8846,6
8847,3
8848,5
8849,4
8850,0
8851,1
8852,7
8853,0
8854,1
8855,0
8856,4
8857,0
8858,8
8859,3
8860,8
8861,0
8862,8
8863,4
8864,1
8865,4
8866,8
8867,8
8868,3
8869,5
8870,7
8871,3
8872,7
8873,4
8874,0
8875,4
8876,0
8877,7
8878,5
8879,6
8880,1
8881,2
8882,6
8883,0
8884,5
8885,2
8886,4
8887,1
8888,4
8889,3
8890,2
8891,1
8892,3
8893,7
8894,6
8895,7
8896,3
8897,4
8898,1
8899,8
8900,0
8901,0
8902,8
8903,5
8904,3
8905,5
8906,7
8907,2
8908,1
8909,2
8910,5
8911,4
8912,5
8913,5
8914,0
8915,1
8916,8
8917,7
8918,8
8919,3
8920,1
8921,8
8922,0
8923,6
8924,6
8925,0
8926,1
8927,8
8928,6
8929,7
8930,5
8931,7
8932,7
8933,6
8934,7
8935,6
8936,8
8937,4
8938,0
8939,6
8940,7
8941,5
8942,4
8943,2
8944,2
8945,0
8946,6
8947,4
8948,8
8949,8
8950,4
8951,1
8952,2
8953,8
8954,4
8955,3
8956,5
8957,1
8958,6
8959,4
8960,3
8961,4
8962,5
8963,7
8964,3
8965,4
8966,4
8967,8
8968,6
8969,0
8970,5
8971,2
8972,4
8973,1
8974,1
8975,3
8976,3
8977,7
8978,8
8979,8
8980,8
8981,1
8982,2
8983,8
8984,0
8985,3
8986,7
8987,5
8988,7
8989,0
8990,7
8991,6
8992,3
8993,7
8994,4
8995,1
8996,3
8997,8
8998,4
8999,3
9000,1
9001,8
9002,1
9003,5
9004,2
9005,3
9006,1
9007,4
9008,0
9009,7
9010,8
9011,6
9012,1
9013,3
9014,3
9015,5
9016,2
9017,8
9018,3
9019,1
9020,0
9021,1
9022,0
9023,5
9024,6
9025,6
9026,1
9027,6
9028,3
9029,2
9030,7
9031,5
9032,7
9033,8
9034,7
9035,5
9036,2
9037,3
9038,7
9039,1
9040,1
9041,7
9042,4
9043,0
9044,8
9045,4
9046,8
9047,2
9048,6
9049,1
9050,1
9051,8
9052,4
9053,7
9054,4
9055,3
9056,8
9057,4
9058,3
9059,7
9060,8
9061,0
9062,0
9063,5
9064,1
9065,0
9066,2
9067,5
9068,7
9069,8
9070,0
9071,6
9072,0
9073,1
9074,8
9075,8
9076,8
9077,5
9078,1
9079,3
9080,3
9081,3
9082,7
9083,6
9084,2
9085,2
9086,8
9087,5
9088,5
9089,6
9090,3
9091,1
9092,2
9093,8
9094,6
9095,6
9096,2
9097,0
9098,2
9099,2
9100,6
9101,2
9102,1
9103,4
9104,1
9105,4
9106,0
9107,1
9108,7
9109,3
9110,7
9111,5
9112,6
9113,6
9114,5
9115,0
9116,8
9117,4
9118,0
9119,3
9120,5
9121,4
9122,4
9123,8
9124,7
9125,8
9126,5
9127,5
9128,8
9129,8
9130,4
9131,6
9132,4
9133,8
9134,8
9135,8
9136,8
9137,0
9138,2
9139,5
9140,6
9141,6
9142,1
9143,4
9144,1
9145,4
9146,8
9147,6
9148,2
9149,6
9150,0
9151,1
9152,6
9153,5
9154,1
9155,0
9156,6
9157,3
9158,2
9159,5
9160,5
9161,5
9162,5
9163,6
9164,4
9165,2
9166,5
9167,4
9168,3
9169,4
9170,6
9171,3
9172,7
9173,7
9174,5
9175,4
9176,2
9177,7
9178,2
9179,7
9180,3
9181,3
9182,7
9183,1
9184,6
9185,7
9186,3
9187,7
9188,3
9189,6
9190,4
9191,3
9192,3
9193,8
9194,7
9195,7
9196,8
9197,2
9198,6
9199,8
9200,7
9201,0
9202,7
9203,5
9204,2
9205,2
9206,8
9207,7
9208,7
9209,7
9210,4
9211,3
9212,1
9213,3
9214,5
9215,2
9216,8
9217,5
9218,4
9219,0
9220,5
9221,5
9222,1
9223,5
9224,0
9225,2
9226,1
9227,7
9228,3
9229,0
9230,5
9231,1
9232,1
9233,8
9234,4
9235,4
9236,0
9237,5
9238,7
9239,6
9240,7
9241,4
9242,3
9243,7
9244,5
9245,2
9246,1
9247,7
9248,1
9249,0
9250,7
9251,5
9252,7
9253,3
9254,7
9255,2
9256,1
9257,8
9258,1
9259,2
9260,8
9261,1
9262,0
9263,5
9264,3
9265,6
9266,4
9267,7
9268,5
9269,0
9270,1
9271,7
9272,7
9273,5
9274,1
9275,3
9276,8
9277,4
9278,7
9279,1
9280,2
9281,0
9282,6
9283,6
9284,8
9285,1
9286,1
9287,1
9288,4
9289,4
9290,3
9291,2
9292,5
9293,3
9294,1
9295,6
9296,4
9297,0
9298,6
9299,3
9300,2
9301,8
9302,5
9303,1
9304,7
9305,6
9306,1
9307,7
9308,6
9309,5
9310,4
9311,8
9312,2
9313,1
9314,0
9315,5
9316,7
9317,4
9318,4
9319,0
9320,8
9321,8
9322,0
9323,0
9324,7
9325,1
9326,5
9327,3
9328,5
9329,3
9330,7
9331,3
9332,8
9333,5
9334,7
9335,6
9336,4
9337,4
9338,3
9339,3
9340,7
9341,1
9342,2
9343,5
9344,3
9345,7
9346,1
9347,0
9348,3
9349,2
9350,3
9351,7
9352,8
9353,4
9354,6
9355,4
9356,6
9357,8
9358,0
9359,4
9360,1
9361,3
9362,6
9363,8
9364,2
9365,4
9366,6
9367,3
9368,8
9369,7
9370,0
9371,6
9372,2
9373,6
9374,3
9375,1
9376,5
9377,6
9378,0
9379,1
9380,5
9381,5
9382,6
9383,2
9384,6
9385,3
9386,6
9387,5
9388,6
9389,7
9390,4
9391,0
9392,3
9393,2
9394,0
9395,6
9396,8
9397,3
9398,2
9399,2
9400,0
9401,5
9402,1
9403,0
9404,6
9405,6
9406,1
9407,3
9408,1
9409,0
9410,5
9411,8
9412,3
9413,0
9414,5
9415,0
9416,2
9417,1
9418,1
9419,4
9420,8
9421,1
9422,7
9423,6
9424,7
9425,8
9426,2
9427,5
9428,2
9429,7
9430,3
9431,8
9432,1
9433,8
9434,4
9435,6
9436,2
9437,4
9438,0
9439,4
9440,5
9441,0
9442,4
9443,2
9444,1
9445,0
9446,2
9447,8
9448,0
9449,8
9450,0
9451,1
9452,4
9453,0
9454,7
9455,3
9456,7
9457,1
9458,1
9459,4
9460,8
9461,8
9462,8
9463,2
9464,7
9465,5
9466,8
9467,8
9468,8
9469,7
9470,0
9471,0
9472,5
9473,3
9474,0
9475,8
9476,7
9477,5
9478,8
9479,4
9480,0
9481,4
9482,8
9483,8
9484,4
9485,5
9486,1
9487,7
9488,8
9489,2
9490,1
9491,2
9492,8
9493,3
9494,7
9495,1
9496,0
9497,5
9498,8
9499,5
9500,6
9501,7
9502,3
9503,5
9504,0
9505,7
9506,6
9507,6
9508,2
9509,3
9510,1
9511,1
9512,4
9513,2
9514,8
9515,4
9516,4
9517,8
9518,2
9519,3
9520,6
9521,2
9522,3
9523,7
9524,0
9525,6
9526,5
9527,8
9528,3
9529,4
9530,4
9531,8
9532,7
9533,7
9534,3
9535,5
9536,3
9537,3
9538,2
9539,0
9540,8
9541,0
9542,5
9543,2
9544,8
9545,4
9546,1
9547,3
9548,6
9549,3
9550,4
9551,1
9552,7
9553,2
9554,8
9555,7
9556,2
9557,0
9558,2
9559,5
9560,0
9561,3
9562,3
9563,0
9564,4
9565,3
9566,7
9567,6
9568,5
9569,0
9570,5
9571,3
9572,6
9573,1
9574,5
9575,7
9576,4
9577,2
9578,8
9579,6
9580,5
9581,8
9582,5
9583,4
9584,2
9585,0
9586,0
9587,7
9588,6
9589,5
9590,3
9591,8
9592,8
9593,1
9594,5
9595,6
9596,6
9597,7
9598,2
9599,2
9600,8
9601,2
9602,6
9603,2
9604,6
9605,5
9606,5
9607,8
9608,1
9609,2
9610,8
9611,7
9612,0
9613,1
9614,4
9615,0
9616,5
9617,5
9618,2
9619,7
9620,7
9621,0
9622,1
9623,3
9624,6
9625,5
9626,2
9627,2
9628,5
9629,5
9630,7
9631,6
9632,5
9633,4
9634,1
9635,1
9636,0
9637,8
9638,2
9639,2
9640,5
9641,1
9642,7
9643,2
9644,8
9645,7
9646,7
9647,6
9648,1
9649,6
9650,7
9651,3
9652,1
9653,1
9654,0
9655,3
9656,0
9657,0
9658,3
9659,2
9660,1
9661,7
9662,4
9663,0
9664,6
9665,2
9666,6
9667,0
9668,1
9669,2
9670,2
9671,4
9672,3
9673,1
9674,4
9675,7
9676,1
9677,7
9678,1
9679,5
9680,5
9681,5
9682,3
9683,8
9684,3
9685,1
9686,4
9687,8
9688,1
9689,7
9690,7
9691,2
9692,3
9693,3
9694,3
9695,3
9696,6
9697,4
9698,8
9699,7
9700,5
9701,5
9702,3
9703,0
9704,1
9705,7
9706,5
9707,2
9708,4
9709,6
9710,6
9711,0
9712,7
9713,4
9714,8
9715,7
9716,5
9717,2
9718,3
9719,5
9720,0
9721,1
9722,5
9723,0
9724,6
9725,3
9726,2
9727,4
9728,3
9729,6
9730,2
9731,6
9732,7
9733,2
9734,7
9735,8
9736,2
9737,5
9738,1
9739,4
9740,1
9741,5
9742,0
9743,0
9744,1
9745,0
9746,2
9747,3
9748,1
9749,5
9750,8
9751,3
9752,2
9753,2
9754,7
9755,7
9756,0
9757,1
9758,0
9759,4
9760,6
9761,4
9762,5
9763,7
9764,2
9765,8
9766,3
9767,3
9768,3
9769,8
9770,0
9771,4
9772,0
9773,1
9774,7
9775,1
9776,3
9777,0
9778,8
9779,5
9780,3
9781,3
9782,4
9783,1
9784,1
9785,3
9786,8
9787,4
9788,3
9789,0
9790,7
9791,6
9792,8
9793,2
9794,1
9795,7
9796,2
9797,5
9798,4
9799,7
9800,6
9801,2
9802,3
9803,3
9804,8
9805,6
9806,3
9807,7
9808,8
9809,3
9810,6
9811,0
9812,7
9813,1
9814,1
9815,0
9816,4
9817,5
9818,3
9819,5
9820,4
9821,6
9822,5
9823,2
9824,6
9825,5
9826,2
9827,0
9828,6
9829,4
9830,4
9831,3
9832,2
9833,5
9834,5
9835,7
9836,5
9837,8
9838,0
9839,6
9840,2
9841,5
9842,7
9843,7
9844,0
9845,6
9846,5
9847,8
9848,0
9849,2
9850,2
9851,3
9852,3
9853,0
9854,3
9855,1
9856,3
9857,0
9858,6
9859,2
9860,6
9861,0
9862,2
9863,3
9864,7
9865,0
9866,4
9867,1
9868,2
9869,4
9870,4
9871,2
9872,8
9873,0
9874,5
9875,2
9876,8
9877,5
9878,2
9879,7
9880,5
9881,2
9882,8
9883,4
9884,0
9885,5
9886,5
9887,1
9888,3
9889,3
9890,7
9891,2
9892,0
9893,2
9894,1
9895,6
9896,2
9897,2
9898,8
9899,3
9900,7
9901,2
9902,0
9903,2
9904,8
9905,7
9906,3
9907,2
9908,4
9909,5
9910,0
9911,8
9912,4
9913,6
9914,4
9915,1
9916,4
9917,4
9918,0
9919,6
9920,6
9921,2
9922,3
9923,0
9924,1
9925,0
9926,2
9927,0
9928,3
9929,8
9930,6
9931,0
9932,6
9933,5
9934,0
9935,8
9936,6
9937,3
9938,0
9939,6
9940,6
9941,5
9942,3
9943,8
9944,4
9945,7
9946,3
9947,3
9948,6
9949,7
9950,6
9951,8
9952,2
9953,8
9954,1
9955,1
9956,4
9957,4
9958,0
9959,5
9960,7
9961,0
9962,6
9963,3
9964,1
9965,5
9966,4
9967,4
9968,2
9969,2
9970,0
9971,1
9972,8
9973,4
9974,5
9975,0
9976,6
9977,0
9978,6
9979,6
9980,4
9981,4
9982,5
9983,0
9984,1
9985,5
9986,2
9987,4
9988,4
9989,3
9990,0
9991,3
9992,7
9993,0
9994,6
9995,6
9996,4
9997,2
9998,3
9999,8
10000,7